VendorID;lpep_pickup_datetime;lpep_dropoff_datetime;store_and_fwd_flag;RatecodeID;PULocationID;DOLocationID;passenger_count;trip_distance;fare_amount;extra;mta_tax;tip_amount;tolls_amount;ehail_fee;improvement_surcharge;total_amount;payment_type;trip_type;congestion_surcharge
2;2020-05-01 05:21:58;2020-05-01 05:34:03;N;1.0;74;244;1.0;3.15;12.0;0.5;0.5;0.0;0.0;;0.3;13.3;2.0;1.0;0.0
2;2020-05-01 05:26:00;2020-05-01 05:58:00;;;35;137;;9.07;35.84;0.0;0.0;2.75;0.0;;0.3;38.89;;;
2;2020-05-01 05:32:51;2020-05-01 05:36:51;N;1.0;152;152;1.0;0.51;5.0;0.5;0.5;0.0;0.0;;0.3;6.3;2.0;1.0;0.0
2;2020-05-01 05:34:00;2020-05-01 05:44:00;;;35;76;;1.97;10.66;0.0;0.0;2.75;0.0;;0.3;13.71;;;
2;2020-05-01 05:36:00;2020-05-01 05:52:00;;;51;42;;10.29;29.08;0.0;0.0;8.32;12.24;;0.3;49.94;;;
2;2020-05-01 05:37:31;2020-05-01 05:46:33;N;1.0;116;238;1.0;3.14;11.0;0.5;0.5;0.0;0.0;;0.3;15.05;2.0;1.0;2.75
2;2020-05-01 05:41:12;2020-05-01 05:49:59;N;1.0;75;137;1.0;4.86;15.0;0.5;0.5;0.0;0.0;;0.3;19.05;1.0;1.0;2.75
2;2020-05-01 05:42:00;2020-05-01 05:50:00;;;61;71;;2.29;9.34;0.0;0.0;0.0;0.0;;0.3;9.64;;;
2;2020-05-01 05:43:00;2020-05-01 06:02:00;;;183;137;;13.97;43.03;0.0;0.0;2.75;6.12;;0.3;52.2;;;
2;2020-05-01 05:48:00;2020-05-01 06:04:00;;;7;137;;5.52;26.67;0.0;0.0;0.0;0.0;;0.3;29.72;;;
2;2020-05-01 05:51:00;2020-05-01 06:01:00;;;243;42;;3.15;10.96;0.0;0.0;0.0;0.0;;0.3;11.26;;;
2;2020-05-01 05:51:44;2020-05-01 06:41:48;N;1.0;117;197;1.0;11.86;46.0;0.5;0.5;2.75;0.0;;0.3;50.05;1.0;1.0;0.0
2;2020-05-01 05:53:00;2020-05-01 06:28:00;;;91;137;;12.34;38.1;0.0;0.0;0.0;0.0;;0.3;41.15;;;
2;2020-05-01 05:53:21;2020-05-01 06:23:28;N;1.0;159;136;1.0;4.64;23.5;0.5;0.5;2.75;0.0;;0.3;27.55;1.0;1.0;0.0
2;2020-05-01 05:54:00;2020-05-01 06:22:00;;;218;37;;17.54;33.67;0.0;0.0;0.0;0.0;;0.3;33.97;;;
2;2020-05-01 05:55:00;2020-05-01 06:11:00;;;243;137;;9.43;28.17;0.0;0.0;0.0;0.0;;0.3;31.22;;;
2;2020-05-01 05:56:00;2020-05-01 06:21:00;;;152;242;;11.42;26.98;0.0;0.0;0.0;0.0;;0.3;27.28;;;
2;2020-05-01 05:56:00;2020-05-01 06:22:00;;;174;137;;14.62;39.35;0.0;0.0;0.0;0.0;;0.3;42.4;;;
2;2020-05-01 05:59:24;2020-05-01 06:04:03;N;1.0;116;42;1.0;1.35;6.5;0.5;0.5;0.0;0.0;;0.3;7.8;2.0;1.0;0.0
2;2020-05-01 06:01:00;2020-05-01 06:28:00;;;39;82;;9.23;36.97;0.0;0.0;7.45;0.0;;0.3;44.72;;;
2;2020-05-01 06:02:00;2020-05-01 06:17:00;;;242;74;;7.23;26.46;0.0;0.0;0.0;6.12;;0.3;32.88;;;
2;2020-05-01 06:03:00;2020-05-01 06:23:00;;;168;134;;12.18;40.25;0.0;0.0;2.75;6.12;;0.3;49.42;;;
2;2020-05-01 06:03:00;2020-05-01 06:21:00;;;70;137;;7.17;32.17;0.0;0.5;0.0;0.0;;0.3;35.47;;;
2;2020-05-01 06:04:00;2020-05-01 06:34:00;;;108;37;;14.71;40.54;0.0;0.0;0.0;0.0;;0.3;40.84;;;
2;2020-05-01 06:04:16;2020-05-01 06:50:06;N;1.0;174;197;1.0;17.2;54.0;0.0;0.5;2.75;6.12;;0.3;63.67;1.0;1.0;0.0
2;2020-05-01 06:05:00;2020-05-01 06:20:00;;;78;75;;7.06;21.33;0.0;0.0;0.0;6.12;;0.3;27.75;;;
2;2020-05-01 06:05:00;2020-05-01 06:24:00;;;188;137;;8.94;32.07;0.0;0.0;0.0;0.0;;0.3;35.12;;;
1;2020-05-01 06:05:37;2020-05-01 06:09:48;N;1.0;74;41;1.0;0.8;5.0;0.0;0.5;0.0;0.0;;0.3;5.8;2.0;1.0;0.0
2;2020-05-01 06:07:00;2020-05-01 06:31:00;;;203;188;;11.69;36.57;0.0;0.0;0.0;0.0;;0.3;36.87;;;
2;2020-05-01 06:07:00;2020-05-01 06:14:00;;;225;62;;1.43;10.6;0.0;0.0;0.0;0.0;;0.3;10.9;;;
2;2020-05-01 06:08:00;2020-05-01 06:38:00;;;77;117;;14.41;32.71;0.0;0.0;2.75;2.29;;0.3;38.05;;;
2;2020-05-01 06:11:00;2020-05-01 06:31:00;;;3;159;;8.37;24.07;0.0;0.0;0.0;0.0;;0.3;24.37;;;
2;2020-05-01 06:11:00;2020-05-01 06:33:00;;;61;137;;6.67;23.51;0.0;0.0;0.0;0.0;;0.3;26.56;;;
1;2020-05-01 06:11:34;2020-05-01 06:21:03;N;1.0;41;244;1.0;2.7;10.5;0.0;0.5;0.0;0.0;;0.3;11.3;2.0;1.0;0.0
2;2020-05-01 06:11:50;2020-05-01 06:18:23;N;1.0;152;151;1.0;1.82;8.0;0.0;0.5;0.0;0.0;;0.3;8.8;2.0;1.0;0.0
2;2020-05-01 06:12:00;2020-05-01 06:35:00;;;167;137;;8.17;24.88;0.0;0.0;0.0;0.0;;0.3;27.93;;;
2;2020-05-01 06:14:48;2020-05-01 06:41:05;N;1.0;74;197;1.0;12.79;38.0;0.0;0.5;2.75;6.12;;0.3;47.67;1.0;1.0;0.0
2;2020-05-01 06:15:35;2020-05-01 06:28:57;N;1.0;179;260;1.0;2.78;11.5;0.0;0.5;2.75;0.0;;0.3;15.05;1.0;1.0;0.0
2;2020-05-01 06:17:00;2020-05-01 06:53:00;;;76;137;;11.15;41.33;0.0;0.0;0.0;0.0;;0.3;44.38;;;
2;2020-05-01 06:17:00;2020-05-01 06:54:00;;;203;137;;18.96;52.54;0.0;0.0;0.0;6.12;;0.3;61.71;;;
2;2020-05-01 06:17:07;2020-05-01 06:17:17;N;1.0;51;51;1.0;0.0;2.5;0.0;0.5;0.0;0.0;;0.3;3.3;2.0;1.0;0.0
2;2020-05-01 06:18:46;2020-05-01 06:53:46;N;1.0;22;197;1.0;17.61;51.0;0.0;0.5;2.75;0.0;;0.3;54.55;1.0;1.0;0.0
2;2020-05-01 06:20:00;2020-05-01 06:44:00;;;198;137;;7.04;21.93;0.0;0.0;0.0;6.12;;0.3;31.1;;;
2;2020-05-01 06:22:00;2020-05-01 06:43:00;;;244;137;;9.2;27.61;0.0;0.0;0.0;0.0;;0.3;30.66;;;
2;2020-05-01 06:23:00;2020-05-01 06:45:00;;;259;159;;11.1;26.4;0.0;0.0;0.0;12.24;;0.3;38.94;;;
2;2020-05-01 06:23:33;2020-05-01 06:30:48;N;1.0;41;74;1.0;0.99;7.0;0.0;0.5;0.0;0.0;;0.3;7.8;1.0;1.0;0.0
2;2020-05-01 06:24:21;2020-05-01 06:30:14;N;1.0;74;75;1.0;1.2;6.0;0.0;0.5;0.0;0.0;;0.3;6.8;2.0;1.0;0.0
2;2020-05-01 06:25:00;2020-05-01 06:47:00;;;190;137;;8.34;29.49;0.0;0.0;0.0;0.0;;0.3;32.54;;;
2;2020-05-01 06:26:00;2020-05-01 06:32:00;;;41;75;;1.7;8.73;0.0;0.0;0.0;0.0;;0.3;9.03;;;
2;2020-05-01 06:27:00;2020-05-01 06:56:00;;;205;137;;16.48;44.57;0.0;0.0;0.0;6.12;;0.3;53.74;;;
2;2020-05-01 06:28:00;2020-05-01 06:53:00;;;265;42;;13.56;36.9;0.0;0.0;0.0;0.0;;0.3;37.2;;;
2;2020-05-01 06:28:00;2020-05-01 06:45:00;;;3;168;;10.57;25.21;0.0;0.0;0.0;0.0;;0.3;25.51;;;
2;2020-05-01 06:29:05;2020-05-01 06:36:28;N;1.0;74;152;1.0;1.56;7.5;0.0;0.5;0.0;0.0;;0.3;8.3;2.0;1.0;0.0
2;2020-05-01 06:29:11;2020-05-01 07:23:53;N;1.0;169;61;1.0;19.63;59.5;0.0;0.5;2.75;0.0;;0.3;63.05;1.0;1.0;0.0
2;2020-05-01 06:29:51;2020-05-01 07:09:17;N;1.0;69;197;1.0;14.7;45.5;0.0;0.5;2.75;6.12;;0.3;55.17;1.0;1.0;0.0
2;2020-05-01 06:30:00;2020-05-01 07:09:00;;;37;75;;11.31;32.88;0.0;0.0;0.0;0.0;;0.3;35.93;;;
2;2020-05-01 06:30:00;2020-05-01 06:38:00;;;29;55;;2.43;10.29;0.0;0.0;0.0;0.0;;0.3;10.59;;;
2;2020-05-01 06:30:41;2020-05-01 07:04:58;N;1.0;136;197;1.0;20.1;55.5;0.0;0.5;2.75;6.12;;0.3;65.17;1.0;1.0;0.0
2;2020-05-01 06:32:00;2020-05-01 06:51:00;;;260;137;;5.64;19.26;0.0;0.0;0.0;0.0;;0.3;22.31;;;
2;2020-05-01 06:34:00;2020-05-01 06:48:00;;;159;75;;3.46;12.26;0.0;0.0;0.0;0.0;;0.3;12.56;;;
2;2020-05-01 06:34:00;2020-05-01 06:51:00;;;89;37;;4.35;23.58;0.0;0.0;0.0;0.0;;0.3;23.88;;;
2;2020-05-01 06:35:00;2020-05-01 06:52:00;;;168;140;;4.27;16.53;0.0;0.0;2.75;6.12;;0.3;25.7;;;
2;2020-05-01 06:36:11;2020-05-01 07:24:39;N;1.0;10;136;1.0;19.88;62.0;0.0;0.5;2.75;6.12;;0.3;71.67;1.0;1.0;0.0
2;2020-05-01 06:37:00;2020-05-01 06:55:00;;;83;121;;7.52;21.23;0.0;0.0;0.0;0.0;;0.3;21.53;;;
2;2020-05-01 06:38:00;2020-05-01 06:41:57;N;1.0;41;74;1.0;0.85;5.0;0.0;0.5;0.0;0.0;;0.3;5.8;2.0;1.0;0.0
1;2020-05-01 06:38:38;2020-05-01 06:45:24;N;1.0;75;238;1.0;1.5;7.5;0.0;0.5;0.0;0.0;;0.3;8.3;2.0;1.0;0.0
2;2020-05-01 06:39:00;2020-05-01 07:01:00;;;75;185;;9.71;32.11;0.0;0.0;0.0;0.0;;0.3;32.41;;;
1;2020-05-01 06:40:21;2020-05-01 07:02:49;N;1.0;116;137;1.0;7.7;25.0;3.75;0.5;8.85;0.0;;0.3;38.4;1.0;1.0;2.75
2;2020-05-01 06:40:52;2020-05-01 06:54:33;N;1.0;166;168;1.0;3.35;13.0;0.0;0.5;2.76;0.0;;0.3;16.56;1.0;1.0;0.0
2;2020-05-01 06:41:00;2020-05-01 06:45:00;;;159;119;;1.66;10.93;0.0;0.0;0.0;0.0;;0.3;11.23;;;
2;2020-05-01 06:42:00;2020-05-01 07:09:00;;;258;41;;15.23;40.67;0.0;0.0;2.75;6.12;;0.3;49.84;;;
2;2020-05-01 06:42:24;2020-05-01 06:50:19;N;1.0;75;237;2.0;2.54;9.5;0.0;0.5;3.26;0.0;;0.3;16.31;1.0;1.0;2.75
2;2020-05-01 06:45:00;2020-05-01 07:10:00;;;82;137;;8.04;22.55;0.0;0.0;0.0;6.12;;0.3;31.72;;;
2;2020-05-01 06:45:00;2020-05-01 07:06:00;;;248;137;;10.73;29.32;0.0;0.0;0.0;6.12;;0.3;38.49;;;
1;2020-05-01 06:45:06;2020-05-01 06:52:49;N;1.0;116;244;1.0;1.4;8.0;0.0;0.5;1.0;0.0;;0.3;9.8;1.0;1.0;0.0
2;2020-05-01 06:45:40;2020-05-01 06:57:43;N;1.0;41;244;1.0;2.84;12.0;0.0;0.5;0.0;0.0;;0.3;12.8;2.0;1.0;0.0
2;2020-05-01 06:46:00;2020-05-01 06:56:00;;;72;188;;2.09;10.19;0.0;0.0;0.0;0.0;;0.3;10.49;;;
2;2020-05-01 06:47:00;2020-05-01 07:11:00;;;241;42;;6.52;22.7;0.0;0.0;0.0;0.0;;0.3;23.0;;;
1;2020-05-01 06:48:22;2020-05-01 06:48:27;N;1.0;75;75;1.0;0.0;2.5;0.0;0.5;0.0;0.0;;0.3;3.3;3.0;1.0;0.0
2;2020-05-01 06:49:00;2020-05-01 07:09:00;;;216;188;;8.87;26.7;0.0;0.0;0.0;0.0;;0.3;27.0;;;
2;2020-05-01 06:49:00;2020-05-01 07:02:00;;;226;82;;2.69;15.66;0.0;0.5;0.0;0.0;;0.3;16.46;;;
1;2020-05-01 06:49:08;2020-05-01 07:02:37;N;1.0;74;233;1.0;5.1;16.5;2.75;0.5;0.0;0.0;;0.3;20.05;2.0;1.0;2.75
2;2020-05-01 06:50:00;2020-05-01 06:58:00;;;159;42;;1.94;14.16;0.0;0.0;2.75;0.0;;0.3;17.21;;;
2;2020-05-01 06:50:00;2020-05-01 07:08:00;;;222;37;;4.65;18.51;0.0;0.0;0.0;0.0;;0.3;18.81;;;
2;2020-05-01 06:50:46;2020-05-01 07:02:51;N;1.0;41;140;1.0;3.03;12.0;0.0;0.5;0.0;0.0;;0.3;15.55;2.0;1.0;2.75
2;2020-05-01 06:50:49;2020-05-01 07:14:11;N;1.0;159;197;1.0;13.41;37.5;0.0;0.5;2.75;6.12;;0.3;47.17;1.0;1.0;0.0
2;2020-05-01 06:56:00;2020-05-01 07:21:00;;;65;188;;4.4;14.63;0.0;0.0;0.0;0.0;;0.3;14.93;;;
2;2020-05-01 06:57:00;2020-05-01 07:18:00;;;139;194;;17.82;53.03;0.0;0.0;0.0;6.12;;0.3;59.45;;;
2;2020-05-01 06:58:00;2020-05-01 07:10:00;;;119;220;;4.29;15.99;0.0;0.0;2.75;0.0;;0.3;19.04;;;
1;2020-05-01 06:58:30;2020-05-01 07:04:11;N;1.0;74;42;1.0;0.9;6.0;0.0;0.5;1.35;0.0;;0.3;8.15;1.0;1.0;0.0
2;2020-05-01 06:59:00;2020-05-01 07:18:00;;;51;42;;10.28;30.3;0.0;0.0;0.0;12.24;;0.3;42.84;;;
2;2020-05-01 06:59:00;2020-05-01 07:20:00;;;81;243;;7.11;30.31;0.0;0.0;2.75;0.0;;0.3;33.36;;;
2;2020-05-01 06:59:00;2020-05-01 07:23:00;;;225;137;;6.79;20.86;0.0;0.0;0.0;0.0;;0.3;23.91;;;
2;2020-05-01 07:00:36;2020-05-01 07:05:21;N;1.0;75;74;1.0;0.83;5.5;0.0;0.5;0.0;0.0;;0.3;6.3;2.0;1.0;0.0
2;2020-05-01 07:01:00;2020-05-01 07:29:00;;;243;37;;14.54;40.94;0.0;0.0;0.0;6.12;;0.3;47.36;;;
2;2020-05-01 07:01:00;2020-05-01 07:27:00;;;3;137;;14.42;39.13;0.0;0.0;0.0;6.12;;0.3;48.3;;;
2;2020-05-01 07:02:00;2020-05-01 07:27:00;;;188;29;;6.64;21.58;0.0;0.0;0.0;0.0;;0.3;21.88;;;
2;2020-05-01 07:02:00;2020-05-01 07:10:00;;;7;82;;1.63;8.11;0.0;0.0;0.0;0.0;;0.3;8.41;;;
2;2020-05-01 07:03:00;2020-05-01 07:23:00;;;95;42;;10.81;31.1;0.0;0.0;0.0;6.12;;0.3;37.52;;;
1;2020-05-01 07:03:25;2020-05-01 07:07:55;N;1.0;116;247;1.0;0.0;12.2;0.0;0.5;0.0;0.0;;0.3;13.0;1.0;1.0;0.0
2;2020-05-01 07:04:00;2020-05-01 07:35:00;;;14;75;;16.36;44.59;0.0;0.0;0.0;6.12;;0.3;53.76;;;
2;2020-05-01 07:05:00;2020-05-01 07:11:00;;;188;61;;1.38;7.17;0.0;0.0;0.0;0.0;;0.3;7.47;;;
2;2020-05-01 07:05:00;2020-05-01 07:33:00;;;117;72;;13.34;35.43;0.0;0.0;2.75;2.29;;0.3;40.77;;;
1;2020-05-01 07:07:09;2020-05-01 07:20:08;N;1.0;250;174;1.0;0.0;23.2;0.0;0.5;0.0;0.0;;0.3;24.0;1.0;1.0;0.0
2;2020-05-01 07:08:00;2020-05-01 07:39:00;;;89;42;;16.43;44.79;0.0;0.0;0.0;6.12;;0.3;53.96;;;
1;2020-05-01 07:08:33;2020-05-01 07:31:00;N;1.0;152;211;1.0;8.4;26.5;2.75;0.5;0.0;0.0;;0.3;30.05;2.0;1.0;2.75
2;2020-05-01 07:09:00;2020-05-01 07:22:00;;;185;174;;3.48;12.77;0.0;0.0;0.0;0.0;;0.3;13.07;;;
2;2020-05-01 07:09:00;2020-05-01 07:28:00;;;25;188;;3.96;14.33;0.0;0.0;0.0;0.0;;0.3;14.63;;;
2;2020-05-01 07:09:16;2020-05-01 07:57:39;N;1.0;254;227;1.0;26.87;72.0;0.0;0.5;2.75;0.0;;0.3;75.55;1.0;1.0;0.0
2;2020-05-01 07:10:00;2020-05-01 07:32:00;;;168;254;;7.18;22.88;0.0;0.0;2.75;6.12;;0.3;32.05;;;
2;2020-05-01 07:10:00;2020-05-01 07:21:00;;;174;247;;3.92;21.79;0.0;0.0;0.0;0.0;;0.3;22.09;;;
2;2020-05-01 07:10:53;2020-05-01 07:21:35;N;1.0;243;50;1.0;6.71;19.5;0.0;0.5;4.61;0.0;;0.3;27.66;1.0;1.0;2.75
2;2020-05-01 07:12:00;2020-05-01 07:39:00;;;205;75;;16.4;45.39;0.0;0.0;0.0;6.12;;0.3;51.81;;;
2;2020-05-01 07:12:00;2020-05-01 07:33:00;;;96;53;;9.7;35.29;0.0;0.0;2.75;0.0;;0.3;38.34;;;
2;2020-05-01 07:12:00;2020-05-01 07:30:00;;;171;185;;9.06;24.77;0.0;0.0;0.0;6.12;;0.3;31.19;;;
2;2020-05-01 07:12:16;2020-05-01 07:14:41;N;1.0;41;74;1.0;0.42;4.0;0.0;0.5;0.0;0.0;;0.3;4.8;1.0;1.0;0.0
2;2020-05-01 07:13:00;2020-05-01 07:39:00;;;165;188;;2.61;11.08;0.0;0.0;0.0;0.0;;0.3;11.38;;;
2;2020-05-01 07:13:00;2020-05-01 07:29:00;;;193;159;;6.68;23.07;0.0;0.0;0.0;6.12;;0.3;29.49;;;
2;2020-05-01 07:13:00;2020-05-01 07:34:00;;;3;159;;9.41;28.64;0.0;0.0;0.0;0.0;;0.3;28.94;;;
2;2020-05-01 07:13:53;2020-05-01 07:23:29;N;1.0;75;119;1.0;3.95;12.5;0.0;0.5;0.0;0.0;;0.3;13.3;2.0;1.0;0.0
2;2020-05-01 07:14:00;2020-05-01 07:31:00;;;95;137;;6.67;24.75;0.0;0.5;0.0;6.12;;0.3;34.17;;;
2;2020-05-01 07:14:00;2020-05-01 07:42:00;;;55;71;;8.37;33.69;0.0;0.0;0.0;0.0;;0.3;33.99;;;
2;2020-05-01 07:14:30;2020-05-01 07:29:24;N;1.0;74;244;1.0;3.26;13.5;0.0;0.5;3.58;0.0;;0.3;17.88;1.0;1.0;0.0
2;2020-05-01 07:15:00;2020-05-01 07:39:00;;;166;3;;10.87;30.49;0.0;0.0;0.0;0.0;;0.3;30.79;;;
2;2020-05-01 07:15:45;2020-05-01 07:17:08;N;1.0;116;116;1.0;0.32;3.0;0.0;0.5;1.5;0.0;;0.3;5.3;1.0;1.0;0.0
1;2020-05-01 07:15:58;2020-05-01 07:17:26;N;1.0;75;75;1.0;0.5;3.5;0.0;0.5;0.0;0.0;;0.3;4.3;2.0;1.0;0.0
2;2020-05-01 07:16:00;2020-05-01 07:54:00;;;159;35;;18.52;50.77;0.0;0.0;0.0;6.12;;0.3;57.19;;;
2;2020-05-01 07:16:00;2020-05-01 07:40:00;;;42;66;;13.99;34.39;0.0;0.0;0.0;6.12;;0.3;40.81;;;
2;2020-05-01 07:17:00;2020-05-01 07:33:00;;;136;75;;7.91;21.35;0.0;0.0;0.0;6.12;;0.3;27.77;;;
2;2020-05-01 07:17:00;2020-05-01 07:32:00;;;3;174;;3.51;13.36;0.0;0.0;0.0;0.0;;0.3;13.66;;;
2;2020-05-01 07:17:00;2020-05-01 07:46:00;;;77;137;;9.77;48.2;0.0;0.0;0.0;0.0;;0.3;51.25;;;
2;2020-05-01 07:17:00;2020-05-01 07:39:00;;;129;137;;6.55;21.95;0.0;0.0;0.0;0.0;;0.3;25.0;;;
1;2020-05-01 07:17:56;2020-05-01 07:20:48;N;1.0;75;263;1.0;0.6;4.5;2.75;0.5;0.0;0.0;;0.3;8.05;2.0;1.0;2.75
2;2020-05-01 07:18:00;2020-05-01 07:56:00;;;63;75;;17.17;49.1;0.0;0.0;0.0;6.12;;0.3;55.52;;;
2;2020-05-01 07:18:00;2020-05-01 07:53:00;;;265;17;;20.73;54.02;0.0;0.0;0.0;6.12;;0.3;60.44;;;
2;2020-05-01 07:18:53;2020-05-01 07:22:15;N;1.0;75;74;1.0;0.84;5.0;0.0;0.5;0.0;0.0;;0.3;5.8;2.0;1.0;0.0
2;2020-05-01 07:21:29;2020-05-01 07:44:22;N;1.0;65;71;3.0;4.53;18.0;0.0;0.5;0.0;0.0;;0.3;18.8;1.0;1.0;0.0
2;2020-05-01 07:22:00;2020-05-01 07:58:00;;;191;75;;18.11;50.41;0.0;0.0;0.0;6.12;;0.3;56.83;;;
1;2020-05-01 07:22:12;2020-05-01 07:37:20;N;1.0;42;238;1.0;0.0;17.2;0.0;0.5;0.0;0.0;;0.3;18.0;1.0;1.0;0.0
2;2020-05-01 07:23:00;2020-05-01 07:45:00;;;94;82;;10.8;32.44;0.0;0.0;0.0;6.12;;0.3;38.86;;;
2;2020-05-01 07:23:32;2020-05-01 07:30:15;N;1.0;74;42;1.0;3.1;10.5;0.0;0.5;1.0;0.0;;0.3;12.3;1.0;1.0;0.0
2;2020-05-01 07:24:00;2020-05-01 07:41:00;;;116;174;;7.37;29.4;0.0;0.0;0.0;0.0;;0.3;29.7;;;
2;2020-05-01 07:24:00;2020-05-01 07:50:00;;;177;234;;7.76;27.15;0.0;0.0;2.75;0.0;;0.3;30.2;;;
1;2020-05-01 07:24:11;2020-05-01 07:26:53;N;1.0;213;213;1.0;0.0;12.2;0.0;0.5;0.0;0.0;;0.3;13.0;1.0;1.0;0.0
2;2020-05-01 07:26:00;2020-05-01 07:40:00;;;91;188;;3.1;12.43;0.0;0.0;0.0;0.0;;0.3;12.73;;;
2;2020-05-01 07:26:00;2020-05-01 07:32:00;;;235;220;;2.21;8.66;0.0;0.0;2.75;0.0;;0.3;11.71;;;
2;2020-05-01 07:26:50;2020-05-01 07:31:52;N;1.0;74;75;1.0;1.24;6.0;0.0;0.5;1.36;0.0;;0.3;8.16;1.0;1.0;0.0
2;2020-05-01 07:27:00;2020-05-01 07:43:00;;;241;159;;4.55;15.25;0.0;0.0;0.0;0.0;;0.3;15.55;;;
2;2020-05-01 07:27:00;2020-05-01 07:49:00;;;61;137;;8.12;24.13;0.0;0.0;0.0;0.0;;0.3;27.18;;;
2;2020-05-01 07:27:33;2020-05-01 07:33:08;N;1.0;74;75;1.0;1.16;6.0;0.0;0.5;2.04;0.0;;0.3;8.84;1.0;1.0;0.0
1;2020-05-01 07:27:57;2020-05-01 07:41:17;N;1.0;74;140;1.0;3.8;14.0;2.75;0.5;0.0;0.0;;0.3;17.55;2.0;1.0;2.75
2;2020-05-01 07:28:00;2020-05-01 07:48:00;;;146;82;;3.16;12.83;0.0;0.0;0.0;0.0;;0.3;13.13;;;
2;2020-05-01 07:28:00;2020-05-01 07:41:00;;;241;42;;5.25;16.67;0.0;0.0;0.0;0.0;;0.3;16.97;;;
1;2020-05-01 07:28:56;2020-05-01 07:46:25;N;1.0;102;36;1.0;0.0;17.2;0.0;0.5;0.0;0.0;;0.3;18.0;1.0;1.0;0.0
2;2020-05-01 07:29:00;2020-05-01 07:48:00;;;72;29;;9.48;29.79;0.0;0.0;0.0;0.0;;0.3;30.09;;;
2;2020-05-01 07:29:00;2020-05-01 07:51:00;;;243;82;;9.36;28.49;0.0;0.0;0.0;6.12;;0.3;34.91;;;
1;2020-05-01 07:29:05;2020-05-01 07:30:34;N;1.0;75;75;1.0;0.6;3.5;0.0;0.5;0.85;0.0;;0.3;5.15;1.0;1.0;0.0
2;2020-05-01 07:29:24;2020-05-01 07:32:50;N;1.0;166;42;1.0;0.57;4.5;0.0;0.5;1.06;0.0;;0.3;6.36;1.0;1.0;0.0
2;2020-05-01 07:30:00;2020-05-01 08:07:00;;;188;236;;13.38;43.8;0.0;0.0;0.0;0.0;;0.3;46.85;;;
2;2020-05-01 07:30:03;2020-05-01 07:37:24;N;1.0;74;236;1.0;2.53;9.0;0.0;0.5;0.0;0.0;;0.3;12.55;2.0;1.0;2.75
2;2020-05-01 07:30:07;2020-05-01 07:34:53;N;1.0;41;151;1.0;0.71;5.5;0.0;0.5;0.0;0.0;;0.3;6.3;2.0;1.0;0.0
2;2020-05-01 07:30:22;2020-05-01 07:41:41;N;1.0;74;238;1.0;3.17;11.5;0.0;0.5;3.01;0.0;;0.3;18.06;1.0;1.0;2.75
2;2020-05-01 07:30:41;2020-05-01 07:34:46;N;1.0;74;75;1.0;0.96;5.5;0.0;0.5;0.0;0.0;;0.3;6.3;2.0;1.0;0.0
2;2020-05-01 07:31:00;2020-05-01 07:41:00;;;61;17;;2.42;10.23;0.0;0.0;0.0;0.0;;0.3;10.53;;;
2;2020-05-01 07:31:00;2020-05-01 07:51:00;;;226;159;;10.33;29.32;0.0;0.0;0.0;6.12;;0.3;35.74;;;
1;2020-05-01 07:31:23;2020-05-01 07:36:09;N;1.0;41;166;1.0;1.1;6.0;0.0;0.5;0.0;0.0;;0.3;6.8;2.0;1.0;0.0
2;2020-05-01 07:31:34;2020-05-01 07:45:23;N;1.0;42;126;1.0;3.03;13.0;0.0;0.5;4.14;0.0;;0.3;17.94;1.0;1.0;0.0
2;2020-05-01 07:31:44;2020-05-01 07:37:01;N;1.0;74;75;1.0;1.4;6.5;0.0;0.5;1.46;0.0;;0.3;8.76;1.0;1.0;0.0
2;2020-05-01 07:33:00;2020-05-01 08:04:00;;;129;37;;10.81;24.85;0.0;0.0;0.0;0.0;;0.3;27.9;;;
2;2020-05-01 07:33:00;2020-05-01 08:07:00;;;116;137;;7.89;25.43;0.0;0.0;0.0;0.0;;0.3;28.48;;;
2;2020-05-01 07:34:16;2020-05-01 07:48:30;N;1.0;116;143;1.0;4.39;15.0;0.0;0.5;0.0;0.0;;0.3;18.55;1.0;1.0;2.75
1;2020-05-01 07:34:34;2020-05-01 08:04:10;N;1.0;240;75;1.0;0.0;33.2;0.0;0.5;0.0;0.0;;0.3;34.0;1.0;1.0;0.0
2;2020-05-01 07:35:00;2020-05-01 07:51:00;;;51;174;;3.91;28.22;0.0;0.0;0.0;6.12;;0.3;34.64;;;
2;2020-05-01 07:35:01;2020-05-01 07:57:58;N;1.0;260;231;1.0;9.36;28.5;0.0;0.5;4.0;0.0;;0.3;36.05;1.0;1.0;2.75
2;2020-05-01 07:36:00;2020-05-01 07:53:00;;;39;165;;4.03;19.2;0.0;0.0;2.75;6.12;;0.3;28.37;;;
2;2020-05-01 07:37:00;2020-05-01 07:52:00;;;97;249;;4.71;19.4;0.0;0.0;2.75;0.0;;0.3;22.45;;;
2;2020-05-01 07:37:00;2020-05-01 07:39:00;;;149;149;;0.41;54.25;0.0;0.0;0.0;0.0;;0.3;54.55;;;
2;2020-05-01 07:37:03;2020-05-01 07:38:39;N;1.0;42;41;1.0;0.4;3.5;0.0;0.5;0.0;0.0;;0.3;4.3;2.0;1.0;0.0
2;2020-05-01 07:38:00;2020-05-01 07:46:00;;;188;71;;1.09;6.29;0.0;0.0;0.0;0.0;;0.3;6.59;;;
2;2020-05-01 07:39:06;2020-05-01 08:29:03;N;1.0;61;169;1.0;17.96;54.0;0.0;0.5;2.75;0.0;;0.3;57.55;1.0;1.0;0.0
2;2020-05-01 07:39:14;2020-05-01 07:42:13;N;1.0;244;244;1.0;0.75;4.5;0.0;0.5;0.0;0.0;;0.3;5.3;2.0;1.0;0.0
1;2020-05-01 07:39:53;2020-05-01 07:46:40;N;5.0;74;74;1.0;1.4;0.0;0.0;0.0;0.0;0.0;;0.0;0.0;3.0;2.0;0.0
2;2020-05-01 07:39:55;2020-05-01 07:43:53;N;1.0;74;74;1.0;0.57;5.0;0.0;0.5;0.0;0.0;;0.3;5.8;2.0;1.0;0.0
2;2020-05-01 07:40:00;2020-05-01 08:07:00;;;82;265;;13.53;45.41;0.0;0.0;0.0;0.0;;0.3;45.71;;;
2;2020-05-01 07:40:45;2020-05-01 07:56:57;N;1.0;43;107;2.0;4.41;17.0;0.0;0.5;4.11;0.0;;0.3;24.66;1.0;1.0;2.75
2;2020-05-01 07:41:00;2020-05-01 07:47:00;;;95;102;;0.98;12.4;0.0;0.0;2.75;0.0;;0.3;15.45;;;
2;2020-05-01 07:41:00;2020-05-01 07:57:00;;;127;247;;4.57;13.37;0.0;0.0;0.0;0.0;;0.3;13.67;;;
2;2020-05-01 07:41:00;2020-05-01 07:58:00;;;188;65;;4.24;13.51;0.0;0.0;0.0;0.0;;0.3;13.81;;;
2;2020-05-01 07:41:00;2020-05-01 07:55:00;;;213;159;;5.71;17.68;0.0;0.0;0.0;0.0;;0.3;17.98;;;
2;2020-05-01 07:41:00;2020-05-01 07:45:00;;;71;188;;0.74;5.2;0.0;0.0;0.0;0.0;;0.3;5.5;;;
2;2020-05-01 07:42:00;2020-05-01 08:09:00;;;244;137;;9.51;31.02;0.0;0.0;0.0;0.0;;0.3;34.07;;;
1;2020-05-01 07:42:10;2020-05-01 07:46:56;N;1.0;42;42;2.0;0.8;5.5;0.0;0.5;1.25;0.0;;0.3;7.55;1.0;1.0;0.0
2;2020-05-01 07:44:00;2020-05-01 08:06:00;;;75;28;;13.72;37.81;0.0;0.0;0.0;6.12;;0.3;44.23;;;
2;2020-05-01 07:45:00;2020-05-01 07:45:00;;;74;74;;0.04;15.16;0.0;0.0;0.0;0.0;;0.3;15.46;;;
2;2020-05-01 07:45:00;2020-05-01 07:59:00;;;91;188;;3.17;10.71;0.0;0.0;0.0;0.0;;0.3;11.01;;;
2;2020-05-01 07:45:00;2020-05-01 08:04:00;;;41;137;;6.68;19.99;0.0;0.5;0.0;0.0;;0.3;23.54;;;
2;2020-05-01 07:45:01;2020-05-01 07:47:07;N;1.0;74;74;1.0;0.25;3.5;0.0;0.5;0.0;0.0;;0.3;4.3;2.0;1.0;0.0
2;2020-05-01 07:46:00;2020-05-01 08:21:00;;;42;256;;12.12;31.84;0.0;0.0;0.0;6.12;;0.3;38.26;;;
2;2020-05-01 07:46:22;2020-05-01 07:52:37;N;1.0;41;42;1.0;1.11;6.5;0.0;0.5;0.0;0.0;;0.3;7.3;2.0;1.0;0.0
2;2020-05-01 07:46:29;2020-05-01 07:57:27;N;1.0;74;162;1.0;4.7;15.0;0.0;0.5;0.0;0.0;;0.3;18.55;2.0;1.0;2.75
2;2020-05-01 07:46:42;2020-05-01 08:03:41;N;1.0;152;159;1.0;3.62;14.5;0.0;0.5;2.0;0.0;;0.3;17.3;1.0;1.0;0.0
2;2020-05-01 07:47:45;2020-05-01 07:56:43;N;1.0;152;74;1.0;1.83;8.5;0.0;0.5;0.0;0.0;;0.3;9.3;1.0;1.0;0.0
2;2020-05-01 07:47:47;2020-05-01 07:48:42;N;1.0;82;82;2.0;0.17;3.0;0.0;0.5;0.0;0.0;;0.3;3.8;2.0;1.0;0.0
2;2020-05-01 07:48:00;2020-05-01 07:58:00;;;91;29;;5.86;18.3;0.0;0.0;0.0;0.0;;0.3;18.6;;;
1;2020-05-01 07:48:13;2020-05-01 08:08:58;N;1.0;129;51;1.0;0.0;37.2;0.0;0.5;0.0;6.12;;0.3;44.12;1.0;1.0;0.0
2;2020-05-01 07:48:23;2020-05-01 08:00:33;N;1.0;42;47;1.0;2.78;11.5;0.0;0.5;2.46;0.0;;0.3;14.76;1.0;1.0;0.0
2;2020-05-01 07:48:40;2020-05-01 07:54:21;N;1.0;75;24;1.0;1.37;7.0;0.0;0.5;1.95;0.0;;0.3;9.75;1.0;1.0;0.0
2;2020-05-01 07:49:10;2020-05-01 07:57:27;N;1.0;244;42;1.0;1.63;8.5;0.0;0.5;0.0;0.0;;0.3;9.3;2.0;1.0;0.0
1;2020-05-01 07:49:23;2020-05-01 08:00:17;N;1.0;75;159;1.0;3.2;12.0;0.0;0.5;0.0;0.0;;0.3;12.8;2.0;1.0;0.0
2;2020-05-01 07:49:40;2020-05-01 08:00:48;N;1.0;130;205;1.0;3.21;12.0;0.0;0.5;3.84;0.0;;0.3;16.64;1.0;1.0;0.0
2;2020-05-01 07:49:54;2020-05-01 07:55:29;N;1.0;75;262;1.0;1.12;6.0;0.0;0.5;1.0;0.0;;0.3;10.55;1.0;1.0;2.75
2;2020-05-01 07:51:00;2020-05-01 08:12:00;;;185;43;;11.18;41.86;0.0;0.0;0.0;6.12;;0.3;48.28;;;
2;2020-05-01 07:51:00;2020-05-01 08:00:00;;;182;168;;4.6;18.38;0.0;0.0;0.0;0.0;;0.3;18.68;;;
2;2020-05-01 07:52:00;2020-05-01 08:23:00;;;82;71;;10.72;40.9;0.0;0.0;0.0;0.0;;0.3;41.2;;;
1;2020-05-01 07:52:04;2020-05-01 07:55:34;N;1.0;41;41;1.0;0.6;4.5;0.0;0.5;0.0;0.0;;0.3;5.3;2.0;1.0;0.0
2;2020-05-01 07:52:05;2020-05-01 08:10:30;N;1.0;75;82;1.0;7.18;23.0;0.0;0.5;2.0;6.12;;0.3;31.92;1.0;1.0;0.0
2;2020-05-01 07:52:34;2020-05-01 08:03:28;N;1.0;42;74;1.0;2.77;11.5;0.0;0.5;0.0;0.0;;0.3;12.3;2.0;1.0;0.0
2;2020-05-01 07:54:00;2020-05-01 08:52:00;;;51;37;;23.24;50.2;0.0;0.0;0.0;6.12;;0.3;56.62;;;
2;2020-05-01 07:54:00;2020-05-01 08:10:00;;;250;75;;7.36;20.64;0.0;0.0;2.75;6.12;;0.3;29.81;;;
2;2020-05-01 07:56:00;2020-05-01 08:19:00;;;89;29;;4.45;15.55;0.0;0.0;0.0;0.0;;0.3;15.85;;;
2;2020-05-01 07:56:00;2020-05-01 08:17:00;;;243;48;;9.42;31.24;0.0;0.0;2.75;0.0;;0.3;34.29;;;
2;2020-05-01 07:56:00;2020-05-01 08:24:00;;;77;75;;18.04;50.23;0.0;0.0;0.0;6.12;;0.3;56.65;;;
2;2020-05-01 07:57:00;2020-05-01 08:06:00;;;17;36;;2.06;13.47;0.0;0.0;2.75;0.0;;0.3;16.52;;;
2;2020-05-01 07:57:00;2020-05-01 08:13:00;;;74;137;;5.99;20.22;0.0;0.0;0.0;0.0;;0.3;23.27;;;
2;2020-05-01 07:57:00;2020-05-01 08:28:00;;;243;216;;17.87;46.27;0.0;0.0;2.75;6.12;;0.3;55.44;;;
2;2020-05-01 07:58:00;2020-05-01 08:21:00;;;250;247;;4.2;19.93;0.0;0.0;2.75;6.12;;0.3;29.1;;;
2;2020-05-01 07:58:00;2020-05-01 08:10:00;;;213;168;;5.88;16.62;0.0;0.0;0.0;0.0;;0.3;16.92;;;
2;2020-05-01 07:58:17;2020-05-01 07:59:35;N;1.0;42;42;1.0;0.6;4.0;0.0;0.5;0.0;0.0;;0.3;4.8;2.0;1.0;0.0
2;2020-05-01 07:58:37;2020-05-01 08:07:29;N;1.0;74;166;1.0;1.33;8.0;0.0;0.5;1.76;0.0;;0.3;10.56;1.0;1.0;0.0
2;2020-05-01 07:58:46;2020-05-01 08:50:13;N;1.0;227;254;1.0;26.14;71.0;0.0;0.5;2.75;0.0;;0.3;74.55;1.0;1.0;0.0
2;2020-05-01 07:59:00;2020-05-01 08:06:00;;;71;188;;1.74;8.41;0.0;0.0;0.0;0.0;;0.3;8.71;;;
2;2020-05-01 07:59:00;2020-05-01 08:26:00;;;37;130;;8.23;33.96;0.0;0.5;0.0;0.0;;0.3;34.76;;;
2;2020-05-01 07:59:00;2020-05-01 08:15:00;;;242;159;;6.0;18.3;0.0;0.0;0.0;0.0;;0.3;18.6;;;
2;2020-05-01 07:59:00;2020-05-01 08:10:00;;;18;185;;3.11;10.8;0.0;0.0;0.0;0.0;;0.3;11.1;;;
2;2020-05-01 07:59:52;2020-05-01 08:03:44;N;1.0;41;166;1.0;0.7;5.0;0.0;0.5;0.0;0.0;;0.3;5.8;2.0;1.0;0.0
2;2020-05-01 08:00:00;2020-05-01 08:23:00;;;159;259;;8.65;26.01;0.0;0.0;0.0;0.0;;0.3;26.31;;;
