VendorID;tpep_pickup_datetime;tpep_dropoff_datetime;passenger_count;trip_distance;RatecodeID;store_and_fwd_flag;PULocationID;DOLocationID;payment_type;fare_amount;extra;mta_tax;tip_amount;tolls_amount;improvement_surcharge;total_amount;congestion_surcharge;airport_fee
1;2020-05-01 05:01:28;2020-05-01 05:13:52;1.0;0.0;1.0;N;112;140;1;21.2;0.0;0.5;0.0;0.0;0.3;22.0;0.0;
1;2020-05-01 05:02:58;2020-05-01 05:14:05;1.0;4.5;1.0;N;74;137;1;13.5;3.0;0.5;2.7;0.0;0.3;20.0;2.5;
2;2020-05-01 05:04:41;2020-05-01 05:11:31;1.0;1.14;1.0;N;186;186;1;6.5;0.5;0.5;2.58;0.0;0.3;12.88;2.5;
2;2020-05-01 05:04:42;2020-05-01 05:07:43;2.0;0.79;1.0;N;48;68;2;4.5;0.5;0.5;0.0;0.0;0.3;8.3;2.5;
2;2020-05-01 05:05:32;2020-05-01 05:15:04;1.0;1.34;1.0;N;238;151;2;8.5;0.5;0.5;0.0;0.0;0.3;9.8;0.0;
2;2020-05-01 05:06:56;2020-05-01 05:11:43;1.0;1.0;1.0;N;100;162;2;6.0;0.5;0.5;0.0;0.0;0.3;9.8;2.5;
1;2020-05-01 05:08:00;2020-05-01 05:11:01;1.0;0.0;1.0;N;69;47;1;12.2;0.0;0.5;0.0;0.0;0.3;13.0;0.0;
1;2020-05-01 05:09:24;2020-05-01 05:17:35;1.0;1.6;1.0;N;141;143;1;8.0;3.5;0.5;1.35;0.0;0.3;13.65;2.5;
1;2020-05-01 05:12:42;2020-05-01 05:26:21;0.0;2.9;1.0;N;229;229;1;12.0;3.0;0.5;0.0;0.0;0.3;15.8;2.5;
2;2020-05-01 05:14:47;2020-05-01 05:27:20;2.0;3.89;1.0;N;74;142;1;13.5;0.5;0.5;3.46;0.0;0.3;20.76;2.5;
1;2020-05-01 05:15:25;2020-05-01 05:48:37;1.0;0.0;1.0;N;246;51;1;43.2;0.0;0.5;0.0;0.0;0.3;44.0;0.0;
2;2020-05-01 05:15:35;2020-05-01 05:20:29;1.0;1.03;1.0;N;42;41;1;6.0;0.5;0.5;0.0;0.0;0.3;7.3;0.0;
2;2020-05-01 05:15:51;2020-05-01 05:21:03;1.0;1.26;1.0;N;75;41;2;6.5;0.5;0.5;0.0;0.0;0.3;7.8;0.0;
2;2020-05-01 05:16:40;2020-05-01 05:27:22;1.0;2.15;1.0;N;151;42;2;9.5;0.5;0.5;0.0;0.0;0.3;10.8;0.0;
2;2020-05-01 05:19:22;2020-05-01 05:54:11;1.0;26.13;1.0;N;76;137;1;69.0;0.5;0.5;0.0;0.0;0.3;72.8;2.5;
1;2020-05-01 05:20:06;2020-05-01 05:22:21;2.0;0.6;1.0;N;236;262;2;4.0;3.0;0.5;0.0;0.0;0.3;7.8;2.5;
2;2020-05-01 05:20:59;2020-05-01 05:33:05;1.0;3.01;1.0;N;239;116;2;12.0;0.5;0.5;0.0;0.0;0.3;15.8;2.5;
2;2020-05-01 05:22:20;2020-05-01 05:32:32;1.0;3.41;1.0;N;41;143;1;12.0;0.5;0.5;3.16;0.0;0.3;18.96;2.5;
1;2020-05-01 05:24:50;2020-05-01 05:36:39;2.0;4.3;1.0;N;75;126;1;14.0;0.5;0.5;5.0;0.0;0.3;20.3;0.0;
2;2020-05-01 05:25:02;2020-05-01 05:28:02;1.0;0.92;1.0;N;48;186;1;5.0;0.5;0.5;1.2;0.0;0.3;10.0;2.5;
1;2020-05-01 05:26:28;2020-05-01 05:34:30;2.0;1.8;1.0;N;230;137;2;8.0;3.0;0.5;0.0;0.0;0.3;11.8;2.5;
1;2020-05-01 05:27:55;2020-05-01 05:32:05;1.0;2.8;1.0;N;262;233;1;9.5;3.0;0.5;2.65;0.0;0.3;15.95;2.5;
1;2020-05-01 05:29:49;2020-05-01 05:42:15;1.0;3.5;1.0;N;48;236;1;12.5;3.0;0.5;3.25;0.0;0.3;19.55;2.5;
2;2020-05-01 05:30:16;2020-05-01 05:35:02;1.0;1.3;1.0;N;186;107;1;6.0;0.5;0.5;1.96;0.0;0.3;11.76;2.5;
2;2020-05-01 05:30:22;2020-05-01 05:30:54;2.0;0.0;1.0;N;186;186;2;2.5;0.5;0.5;0.0;0.0;0.3;6.3;2.5;
1;2020-05-01 05:31:19;2020-05-01 05:35:26;1.0;1.3;1.0;N;75;238;2;6.0;0.5;0.5;0.0;0.0;0.3;7.3;0.0;
1;2020-05-01 05:32:14;2020-05-01 05:35:36;1.0;1.2;1.0;N;264;264;1;5.5;0.5;0.5;1.35;0.0;0.3;8.15;0.0;
1;2020-05-01 05:32:25;2020-05-01 05:40:45;1.0;2.7;1.0;N;262;161;1;10.0;3.0;0.5;2.75;0.0;0.3;16.55;2.5;
1;2020-05-01 05:32:28;2020-05-01 05:33:13;1.0;0.1;1.0;N;68;68;3;2.5;3.0;0.5;0.0;0.0;0.3;6.3;2.5;
2;2020-05-01 05:33:00;2020-05-01 05:50:38;1.0;7.61;1.0;N;238;136;2;23.5;0.5;0.5;0.0;0.0;0.3;24.8;0.0;
2;2020-05-01 05:33:02;2020-05-01 05:43:27;1.0;1.78;1.0;N;42;166;2;9.5;0.5;0.5;0.0;0.0;0.3;10.8;0.0;
2;2020-05-01 05:33:14;2020-05-01 05:38:21;2.0;1.19;1.0;N;186;170;2;6.0;0.5;0.5;0.0;0.0;0.3;9.8;2.5;
2;2020-05-01 05:33:36;2020-05-01 05:38:29;1.0;0.96;1.0;N;48;162;2;5.5;0.5;0.5;0.0;0.0;0.3;9.3;2.5;
2;2020-05-01 05:33:45;2020-05-01 05:36:00;2.0;0.59;1.0;N;238;24;2;4.0;0.5;0.5;0.0;0.0;0.3;5.3;0.0;
2;2020-05-01 05:34:32;2020-05-01 05:39:30;2.0;1.34;1.0;N;186;161;2;6.0;0.5;0.5;0.0;0.0;0.3;9.8;2.5;
2;2020-05-01 05:34:41;2020-05-01 05:37:12;1.0;0.87;1.0;N;229;140;2;4.5;0.5;0.5;0.0;0.0;0.3;8.3;2.5;
1;2020-05-01 05:35:16;2020-05-01 05:39:59;1.0;1.2;1.0;N;107;79;1;6.0;3.0;0.5;1.95;0.0;0.3;11.75;2.5;
2;2020-05-01 05:35:58;2020-05-01 05:47:49;1.0;2.5;1.0;N;239;140;2;11.0;0.5;0.5;0.0;0.0;0.3;14.8;2.5;
1;2020-05-01 05:36:48;2020-05-01 05:42:37;2.0;1.0;1.0;N;152;41;1;6.0;0.5;0.5;3.0;0.0;0.3;10.3;0.0;
1;2020-05-01 05:37:47;2020-05-01 06:00:44;0.0;18.3;2.0;N;262;132;1;52.0;2.5;0.5;12.25;6.12;0.3;73.67;2.5;
2;2020-05-01 05:37:53;2020-05-01 05:44:07;1.0;1.21;1.0;N;68;249;2;6.5;0.5;0.5;0.0;0.0;0.3;10.3;2.5;
2;2020-05-01 05:38:22;2020-05-01 05:48:54;1.0;3.92;1.0;N;48;166;1;13.0;0.5;0.5;0.0;0.0;0.3;16.8;2.5;
1;2020-05-01 05:38:49;2020-05-01 05:41:32;1.0;0.7;1.0;N;264;264;2;4.5;0.5;0.5;0.0;0.0;0.3;5.8;0.0;
1;2020-05-01 05:39:45;2020-05-01 05:49:42;1.0;3.9;1.0;N;226;236;2;13.0;3.0;0.5;0.0;0.0;0.3;16.8;2.5;
2;2020-05-01 05:40:05;2020-05-01 05:48:54;6.0;1.89;1.0;N;186;233;1;8.5;0.5;0.5;2.46;0.0;0.3;14.76;2.5;
2;2020-05-01 05:40:18;2020-05-01 05:43:05;1.0;0.93;1.0;N;140;229;2;4.5;0.5;0.5;0.0;0.0;0.3;8.3;2.5;
1;2020-05-01 05:40:22;2020-05-01 05:49:48;1.0;3.8;1.0;N;231;161;1;12.5;2.5;0.5;3.95;0.0;0.3;19.75;2.5;
2;2020-05-01 05:40:35;2020-05-01 05:49:15;1.0;4.17;1.0;N;132;219;2;13.0;0.5;0.5;0.0;0.0;0.3;14.3;0.0;
2;2020-05-01 05:40:41;2020-05-01 05:53:54;1.0;3.15;1.0;N;116;238;2;12.5;0.5;0.5;0.0;0.0;0.3;16.3;2.5;
2;2020-05-01 05:42:58;2020-05-01 06:03:12;1.0;5.87;1.0;N;61;113;2;20.5;0.5;0.5;0.0;0.0;0.3;24.3;2.5;
2;2020-05-01 05:43:07;2020-05-01 05:55:36;1.0;4.15;1.0;N;186;24;1;14.0;0.5;0.5;0.0;0.0;0.3;17.8;2.5;
1;2020-05-01 05:43:42;2020-05-01 05:48:56;1.0;1.8;1.0;N;75;141;1;7.5;3.0;0.5;5.0;0.0;0.3;16.3;2.5;
1;2020-05-01 05:45:08;2020-05-01 05:53:04;1.0;2.7;1.0;N;263;137;1;9.5;3.0;0.5;2.65;0.0;0.3;15.95;2.5;
2;2020-05-01 05:45:11;2020-05-01 05:52:58;1.0;1.47;1.0;N;100;137;1;7.5;0.5;0.5;2.26;0.0;0.3;13.56;2.5;
1;2020-05-01 05:45:11;2020-05-01 05:54:07;1.0;2.1;1.0;N;161;236;2;9.0;3.0;0.5;0.0;0.0;0.3;12.8;2.5;
1;2020-05-01 05:45:29;2020-05-01 05:47:57;1.0;0.6;1.0;N;48;230;2;4.0;2.5;0.5;0.0;0.0;0.3;7.3;2.5;
1;2020-05-01 05:45:30;2020-05-01 05:51:59;1.0;2.0;1.0;N;237;263;1;8.0;2.5;0.5;2.0;0.0;0.3;13.3;2.5;
1;2020-05-01 05:45:30;2020-05-01 05:52:25;1.0;1.9;1.0;N;142;186;1;8.0;3.5;0.5;1.7;0.0;0.3;14.0;2.5;
2;2020-05-01 05:45:53;2020-05-01 05:54:38;1.0;2.82;1.0;N;237;186;1;10.5;0.5;0.5;4.29;0.0;0.3;18.59;2.5;
1;2020-05-01 05:46:23;2020-05-01 05:48:01;1.0;0.4;1.0;N;186;68;2;3.5;3.0;0.5;0.0;0.0;0.3;7.3;2.5;
2;2020-05-01 05:46:35;2020-05-01 05:58:49;2.0;4.08;1.0;N;237;166;2;13.5;0.5;0.5;0.0;0.0;0.3;17.3;2.5;
2;2020-05-01 05:47:32;2020-05-01 05:50:57;3.0;1.46;1.0;N;141;75;1;6.0;0.5;0.5;1.0;0.0;0.3;10.8;2.5;
2;2020-05-01 05:47:37;2020-05-01 05:51:51;1.0;1.34;1.0;N;148;249;1;6.0;0.5;0.5;2.0;0.0;0.3;11.8;2.5;
1;2020-05-01 05:47:40;2020-05-01 05:49:59;1.0;1.0;1.0;N;68;68;2;5.0;2.5;0.5;0.0;0.0;0.3;8.3;2.5;
1;2020-05-01 05:47:43;2020-05-01 05:49:55;1.0;0.7;1.0;N;107;137;1;4.5;3.0;0.5;0.0;0.0;0.3;8.3;2.5;
1;2020-05-01 05:48:23;2020-05-01 05:58:37;2.0;3.5;1.0;N;48;75;1;12.0;3.0;0.5;5.0;0.0;0.3;20.8;2.5;
2;2020-05-01 05:48:26;2020-05-01 05:54:31;1.0;1.2;1.0;N;186;137;1;6.5;0.5;0.5;1.0;0.0;0.3;11.3;2.5;
1;2020-05-01 05:48:52;2020-05-01 05:56:05;1.0;1.7;1.0;N;244;243;2;8.0;0.5;0.5;0.0;0.0;0.3;9.3;0.0;
2;2020-05-01 05:49:33;2020-05-01 05:54:41;1.0;1.34;1.0;N;68;234;1;6.5;0.5;0.5;2.58;0.0;0.3;12.88;2.5;
1;2020-05-01 05:49:46;2020-05-01 05:54:27;1.0;1.4;1.0;N;263;140;2;6.5;3.0;0.5;0.0;0.0;0.3;10.3;2.5;
2;2020-05-01 05:50:08;2020-05-01 06:03:55;1.0;3.93;1.0;N;151;229;1;14.0;0.5;0.5;0.0;0.0;0.3;17.8;2.5;
2;2020-05-01 05:50:25;2020-05-01 05:51:59;1.0;0.65;1.0;N;107;137;2;4.0;0.5;0.5;0.0;0.0;0.3;7.8;2.5;
1;2020-05-01 05:51:42;2020-05-01 05:56:57;1.0;1.0;1.0;N;50;161;1;6.0;3.0;0.5;1.95;0.0;0.3;11.75;2.5;
2;2020-05-01 05:51:50;2020-05-01 05:58:16;1.0;1.47;1.0;N;263;238;2;6.5;0.5;0.5;0.0;0.0;0.3;10.3;2.5;
2;2020-05-01 05:52:05;2020-05-01 05:59:53;2.0;1.32;1.0;N;162;140;2;7.5;0.5;0.5;0.0;0.0;0.3;11.3;2.5;
2;2020-05-01 05:52:13;2020-05-01 05:55:31;1.0;0.92;1.0;N;41;42;2;5.0;0.5;0.5;0.0;0.0;0.3;6.3;0.0;
2;2020-05-01 05:52:36;2020-05-01 05:52:53;1.0;0.03;1.0;N;41;41;2;2.5;0.5;0.5;0.0;0.0;0.3;3.8;0.0;
1;2020-05-01 05:52:40;2020-05-01 06:02:11;1.0;1.9;1.0;N;48;107;1;9.0;2.5;0.5;0.0;0.0;0.3;12.3;2.5;
1;2020-05-01 05:52:45;2020-05-01 06:05:29;1.0;3.4;1.0;N;186;140;1;12.5;3.0;0.5;0.0;0.0;0.3;16.3;2.5;
2;2020-05-01 05:53:05;2020-05-01 06:07:15;2.0;3.26;1.0;N;186;140;2;13.5;0.5;0.5;0.0;0.0;0.3;17.3;2.5;
2;2020-05-01 05:53:27;2020-05-01 05:56:23;1.0;0.97;1.0;N;186;162;2;5.0;0.5;0.5;0.0;0.0;0.3;8.8;2.5;
2;2020-05-01 05:53:27;2020-05-01 06:00:17;1.0;1.83;1.0;N;143;68;2;8.0;0.5;0.5;0.0;0.0;0.3;11.8;2.5;
2;2020-05-01 05:53:36;2020-05-01 06:00:54;1.0;1.82;1.0;N;186;79;2;8.0;0.5;0.5;0.0;0.0;0.3;11.8;2.5;
1;2020-05-01 05:53:41;2020-05-01 06:02:25;1.0;1.9;1.0;N;186;107;2;8.5;2.5;0.5;0.0;0.0;0.3;11.8;2.5;
1;2020-05-01 05:53:43;2020-05-01 05:55:30;1.0;0.4;1.0;N;186;48;2;3.5;2.5;0.5;0.0;0.0;0.3;6.8;2.5;
1;2020-05-01 05:53:50;2020-05-01 06:08:27;1.0;7.7;1.0;N;48;244;2;23.0;3.0;0.5;0.0;0.0;0.3;26.8;2.5;
2;2020-05-01 05:54:12;2020-05-01 05:56:47;4.0;1.03;1.0;N;75;74;1;5.0;0.5;0.5;0.94;0.0;0.3;9.19;0.0;
2;2020-05-01 05:54:53;2020-05-01 05:56:19;6.0;0.73;1.0;N;116;152;1;4.0;0.5;0.5;1.32;0.0;0.3;6.62;0.0;
2;2020-05-01 05:54:56;2020-05-01 06:08:26;1.0;3.2;1.0;N;236;42;2;13.0;0.5;0.5;0.0;0.0;0.3;16.8;2.5;
2;2020-05-01 05:55:01;2020-05-01 06:06:37;1.0;3.35;1.0;N;143;75;1;12.5;0.5;0.5;1.63;0.0;0.3;17.93;2.5;
1;2020-05-01 05:55:29;2020-05-01 06:04:40;1.0;3.1;1.0;N;186;236;1;11.0;2.5;0.5;1.0;0.0;0.3;15.3;2.5;
2;2020-05-01 05:55:46;2020-05-01 06:02:04;1.0;0.88;1.0;N;237;140;2;6.0;0.5;0.5;0.0;0.0;0.3;9.8;2.5;
1;2020-05-01 05:56:17;2020-05-01 05:59:59;1.0;1.4;1.0;N;229;137;1;6.0;3.0;0.5;2.45;0.0;0.3;12.25;2.5;
2;2020-05-01 05:56:23;2020-05-01 05:59:15;1.0;0.98;1.0;N;74;42;1;5.0;0.0;0.5;0.0;0.0;0.3;5.8;0.0;
2;2020-05-01 05:57:14;2020-05-01 05:57:29;1.0;0.1;1.0;N;265;265;2;2.5;0.0;0.5;0.0;0.0;0.3;3.3;0.0;
1;2020-05-01 05:57:22;2020-05-01 06:01:55;1.0;0.7;1.0;N;140;262;1;5.0;3.0;0.5;1.32;0.0;0.3;10.12;2.5;
2;2020-05-01 05:58:59;2020-05-01 06:16:27;1.0;5.39;1.0;N;151;107;1;18.5;0.0;0.5;6.54;0.0;0.3;28.34;2.5;
1;2020-05-01 05:59:08;2020-05-01 06:00:22;1.0;0.4;1.0;N;163;142;1;3.5;3.5;0.5;2.0;0.0;0.3;9.8;2.5;
1;2020-05-01 05:59:44;2020-05-01 06:16:04;1.0;5.2;1.0;N;100;74;2;17.0;2.5;0.5;0.0;0.0;0.3;20.3;2.5;
1;2020-05-01 06:00:31;2020-05-01 06:05:55;2.0;0.9;1.0;N;69;159;2;5.5;0.5;0.5;0.0;0.0;0.3;6.8;0.0;
2;2020-05-01 06:00:36;2020-05-01 06:08:32;1.0;2.96;1.0;N;90;43;1;10.5;0.5;0.5;2.86;0.0;0.3;17.16;2.5;
1;2020-05-01 06:00:37;2020-05-01 06:07:26;1.0;1.3;1.0;Y;74;75;1;7.0;0.0;0.5;2.3;0.0;0.3;10.1;0.0;
1;2020-05-01 06:00:48;2020-05-01 06:06:29;1.0;1.0;1.0;N;264;264;2;6.0;0.0;0.5;0.0;0.0;0.3;6.8;0.0;
1;2020-05-01 06:01:00;2020-05-01 06:07:06;1.0;1.0;1.0;Y;236;237;2;6.5;2.5;0.5;0.0;0.0;0.3;9.8;2.5;
2;2020-05-01 06:01:16;2020-05-01 06:06:25;1.0;1.19;1.0;N;161;100;1;6.0;0.0;0.5;0.0;0.0;0.3;9.3;2.5;
2;2020-05-01 06:01:39;2020-05-01 06:15:50;2.0;5.74;1.0;N;100;152;2;18.5;0.0;0.5;0.0;0.0;0.3;21.8;2.5;
2;2020-05-01 06:01:44;2020-05-01 06:06:14;1.0;1.22;1.0;N;79;249;2;6.0;0.0;0.5;0.0;0.0;0.3;9.3;2.5;
2;2020-05-01 06:02:04;2020-05-01 06:10:43;1.0;3.88;1.0;N;186;75;1;12.5;0.0;0.5;2.0;0.0;0.3;17.8;2.5;
1;2020-05-01 06:02:20;2020-05-01 06:13:35;1.0;3.4;1.0;N;65;125;2;12.5;2.5;0.5;0.0;0.0;0.3;15.8;2.5;
2;2020-05-01 06:02:59;2020-05-01 06:26:49;1.0;3.68;1.0;N;136;247;2;18.0;0.0;0.5;0.0;0.0;0.3;18.8;0.0;
1;2020-05-01 06:03:11;2020-05-01 06:05:21;1.0;0.9;1.0;N;113;186;2;4.5;3.0;0.5;0.0;0.0;0.3;8.3;2.5;
2;2020-05-01 06:03:18;2020-05-01 06:07:35;1.0;1.01;1.0;N;48;163;2;5.5;0.0;0.5;0.0;0.0;0.3;8.8;2.5;
1;2020-05-01 06:03:45;2020-05-01 06:20:53;1.0;5.9;1.0;N;7;238;2;19.0;2.5;0.5;0.0;0.0;0.3;22.3;2.5;
2;2020-05-01 06:03:47;2020-05-01 06:09:17;5.0;2.29;1.0;N;238;152;1;8.5;0.0;0.5;2.32;0.0;0.3;11.62;0.0;
2;2020-05-01 06:04:13;2020-05-01 06:11:28;1.0;1.91;1.0;N;140;75;1;8.5;0.0;0.5;2.95;0.0;0.3;14.75;2.5;
2;2020-05-01 06:04:14;2020-05-01 06:17:46;1.0;3.45;1.0;N;234;87;2;-12.5;0.0;-0.5;0.0;0.0;-0.3;-15.8;-2.5;
2;2020-05-01 06:04:14;2020-05-01 06:17:46;1.0;3.45;1.0;N;234;87;2;12.5;0.0;0.5;0.0;0.0;0.3;15.8;2.5;
1;2020-05-01 06:04:18;2020-05-01 06:16:45;1.0;3.9;1.0;N;262;146;1;13.5;2.5;0.5;5.0;0.0;0.3;21.8;2.5;
2;2020-05-01 06:04:31;2020-05-01 06:06:28;1.0;0.76;1.0;N;262;140;1;4.0;0.0;0.5;1.46;0.0;0.3;8.76;2.5;
2;2020-05-01 06:04:34;2020-05-01 06:12:29;2.0;4.88;1.0;N;170;88;1;15.0;0.0;0.5;2.5;0.0;0.3;20.8;2.5;
2;2020-05-01 06:04:40;2020-05-01 06:10:37;1.0;1.1;1.0;N;186;170;1;6.5;0.5;0.5;5.0;0.0;0.3;15.3;2.5;
1;2020-05-01 06:04:57;2020-05-01 06:18:07;1.0;3.2;1.0;N;140;74;1;12.5;2.5;0.5;2.0;0.0;0.3;17.8;2.5;
2;2020-05-01 06:05:34;2020-05-01 06:13:16;1.0;2.13;1.0;N;143;162;2;9.0;0.0;0.5;0.0;0.0;0.3;12.3;2.5;
1;2020-05-01 06:05:54;2020-05-01 06:14:55;1.0;2.9;1.0;N;161;239;1;10.5;2.5;0.5;2.75;0.0;0.3;16.55;2.5;
2;2020-05-01 06:06:00;2020-05-01 06:18:20;1.0;1.02;1.0;N;263;236;1;9.5;0.0;0.5;2.56;0.0;0.3;15.36;2.5;
2;2020-05-01 06:06:03;2020-05-01 06:20:29;1.0;6.85;1.0;N;141;209;1;21.0;0.0;0.5;1.0;0.0;0.3;25.3;2.5;
2;2020-05-01 06:06:42;2020-05-01 06:13:23;2.0;1.72;1.0;N;162;140;1;7.5;0.0;0.5;3.24;0.0;0.3;14.04;2.5;
2;2020-05-01 06:06:43;2020-05-01 06:27:51;1.0;7.9;1.0;N;239;65;1;25.0;0.0;0.5;1.0;0.0;0.3;29.3;2.5;
1;2020-05-01 06:07:47;2020-05-01 06:07:55;1.0;0.0;2.0;N;75;75;4;52.0;0.0;0.5;0.0;0.0;0.3;52.8;0.0;
2;2020-05-01 06:08:13;2020-05-01 06:10:37;1.0;0.51;1.0;N;33;33;1;4.0;0.0;0.5;20.0;0.0;0.3;24.8;0.0;
2;2020-05-01 06:08:14;2020-05-01 06:10:25;1.0;0.56;1.0;N;100;100;2;4.0;0.0;0.5;0.0;0.0;0.3;7.3;2.5;
1;2020-05-01 06:08:14;2020-05-01 06:14:17;1.0;2.2;1.0;N;75;141;4;8.0;2.5;0.5;0.0;0.0;0.3;11.3;2.5;
2;2020-05-01 06:08:20;2020-05-01 06:35:18;1.0;6.02;1.0;N;143;82;2;22.5;0.0;0.5;0.0;0.0;0.3;25.8;2.5;
1;2020-05-01 06:08:32;2020-05-01 06:16:31;1.0;2.1;1.0;N;141;230;1;9.0;2.5;0.5;2.45;0.0;0.3;14.75;2.5;
2;2020-05-01 06:08:35;2020-05-01 06:08:43;2.0;0.0;1.0;N;140;264;1;2.5;0.0;0.5;12.0;0.0;0.3;17.8;2.5;
1;2020-05-01 06:08:48;2020-05-01 06:17:08;1.0;1.9;1.0;N;143;141;1;9.0;3.0;0.5;4.0;0.0;0.3;16.8;2.5;
1;2020-05-01 06:08:55;2020-05-01 06:15:12;1.0;0.9;1.0;N;24;41;2;6.0;0.0;0.5;0.0;0.0;0.3;6.8;0.0;
1;2020-05-01 06:09:10;2020-05-01 06:11:31;1.0;0.6;1.0;N;100;48;1;4.0;2.5;0.5;1.0;0.0;0.3;8.3;2.5;
2;2020-05-01 06:10:21;2020-05-01 06:18:49;1.0;2.19;1.0;N;74;237;1;9.0;0.0;0.5;3.08;0.0;0.3;15.38;2.5;
2;2020-05-01 06:10:22;2020-05-01 06:13:52;1.0;0.74;1.0;N;161;230;1;4.5;0.0;0.5;1.56;0.0;0.3;9.36;2.5;
1;2020-05-01 06:10:31;2020-05-01 06:14:05;1.0;0.8;1.0;N;162;137;1;5.0;2.5;0.5;1.0;0.0;0.3;9.3;2.5;
1;2020-05-01 06:10:42;2020-05-01 06:26:46;1.0;7.1;1.0;N;238;128;2;22.5;2.5;0.5;0.0;0.0;0.3;25.8;2.5;
1;2020-05-01 06:11:07;2020-05-01 06:13:22;1.0;0.8;1.0;N;100;48;1;4.5;2.5;0.5;1.55;0.0;0.3;9.35;2.5;
1;2020-05-01 06:11:10;2020-05-01 06:37:12;1.0;19.4;2.0;N;151;132;1;52.0;0.0;0.5;11.75;6.12;0.3;70.67;0.0;
1;2020-05-01 06:11:38;2020-05-01 06:22:17;1.0;3.5;1.0;N;170;261;1;12.0;2.5;0.5;2.7;0.0;0.3;18.0;2.5;
1;2020-05-01 06:12:12;2020-05-01 06:12:19;1.0;0.0;1.0;N;100;100;2;2.5;2.5;0.5;0.0;0.0;0.3;5.8;2.5;
2;2020-05-01 06:12:42;2020-05-01 06:16:14;1.0;0.61;1.0;N;237;140;2;4.5;0.5;0.5;0.0;0.0;0.3;8.3;2.5;
1;2020-05-01 06:13:17;2020-05-01 06:19:02;1.0;2.0;1.0;N;114;137;2;7.5;2.5;0.5;0.0;0.0;0.3;10.8;2.5;
2;2020-05-01 06:13:22;2020-05-01 06:16:09;1.0;0.7;1.0;N;100;161;2;4.5;0.0;0.5;0.0;0.0;0.3;7.8;2.5;
1;2020-05-01 06:13:25;2020-05-01 06:21:10;2.0;2.2;1.0;N;151;152;1;8.5;1.0;0.5;2.05;0.0;0.3;12.35;0.0;
2;2020-05-01 06:13:30;2020-05-01 06:19:20;1.0;0.91;1.0;N;48;161;2;6.0;0.0;0.5;0.0;0.0;0.3;9.3;2.5;
1;2020-05-01 06:13:58;2020-05-01 06:25:15;1.0;2.8;1.0;N;162;4;2;11.0;2.5;0.5;0.0;0.0;0.3;14.3;2.5;
1;2020-05-01 06:14:21;2020-05-01 06:27:07;1.0;3.8;1.0;N;141;226;1;14.0;2.5;0.5;3.45;0.0;0.3;20.75;2.5;
1;2020-05-01 06:14:29;2020-05-01 06:16:19;1.0;0.9;1.0;N;74;75;2;4.5;0.0;0.5;0.0;0.0;0.3;5.3;0.0;
1;2020-05-01 06:14:34;2020-05-01 06:18:03;1.0;1.3;1.0;N;48;50;2;6.0;2.5;0.5;0.0;0.0;0.3;9.3;2.5;
1;2020-05-01 06:14:41;2020-05-01 06:19:13;2.0;2.0;1.0;N;263;233;2;7.5;2.5;0.5;0.0;0.0;0.3;10.8;2.5;
2;2020-05-01 06:14:52;2020-05-01 06:24:07;1.0;3.48;1.0;N;100;75;1;11.5;0.0;0.5;1.0;0.0;0.3;15.8;2.5;
2;2020-05-01 06:14:57;2020-05-01 06:20:55;1.0;1.31;1.0;N;239;142;1;7.0;0.0;0.5;2.06;0.0;0.3;12.36;2.5;
2;2020-05-01 06:15:48;2020-05-01 06:20:32;1.0;1.26;1.0;N;68;142;2;5.5;0.0;0.5;0.0;0.0;0.3;8.8;2.5;
1;2020-05-01 06:15:49;2020-05-01 06:21:34;1.0;1.0;1.0;N;100;161;2;6.0;2.5;0.5;0.0;0.0;0.3;9.3;2.5;
1;2020-05-01 06:15:59;2020-05-01 06:19:58;1.0;1.1;1.0;N;262;140;1;6.0;2.5;0.5;2.3;0.0;0.3;11.6;2.5;
2;2020-05-01 06:16:08;2020-05-01 06:33:25;1.0;5.24;1.0;N;179;75;1;18.0;0.0;0.5;4.26;0.0;0.3;25.56;2.5;
2;2020-05-01 06:16:23;2020-05-01 06:23:39;1.0;1.47;1.0;N;262;237;2;7.5;0.0;0.5;0.0;0.0;0.3;10.8;2.5;
2;2020-05-01 06:16:41;2020-05-01 06:35:26;1.0;4.8;1.0;N;263;246;2;18.0;0.0;0.5;0.0;0.0;0.3;21.3;2.5;
2;2020-05-01 06:17:18;2020-05-01 06:20:26;1.0;1.01;1.0;N;186;170;2;5.0;0.0;0.5;0.0;0.0;0.3;8.3;2.5;
1;2020-05-01 06:17:42;2020-05-01 06:22:26;1.0;1.9;1.0;N;263;162;1;7.0;2.5;0.5;2.06;0.0;0.3;12.36;2.5;
1;2020-05-01 06:18:12;2020-05-01 06:35:52;1.0;7.4;1.0;N;100;244;2;23.5;2.5;0.5;0.0;0.0;0.3;26.8;2.5;
2;2020-05-01 06:18:12;2020-05-01 06:35:07;5.0;5.22;1.0;N;181;137;1;17.5;0.0;0.5;0.0;0.0;0.3;22.75;2.5;
2;2020-05-01 06:18:30;2020-05-01 06:26:15;1.0;2.12;1.0;N;238;263;2;9.0;0.0;0.5;0.0;0.0;0.3;12.3;2.5;
2;2020-05-01 06:18:31;2020-05-01 06:30:48;2.0;3.0;1.0;N;42;151;2;12.5;0.0;0.5;0.0;0.0;0.3;13.3;0.0;
1;2020-05-01 06:18:38;2020-05-01 06:21:09;1.0;0.4;1.0;N;141;140;4;4.0;2.5;0.5;0.0;0.0;0.3;7.3;2.5;
2;2020-05-01 06:19:06;2020-05-01 06:26:50;1.0;2.99;1.0;N;90;143;1;10.0;0.0;0.5;2.66;0.0;0.3;15.96;2.5;
1;2020-05-01 06:19:11;2020-05-01 06:26:55;1.0;1.4;1.0;N;151;166;1;8.0;0.0;0.5;1.75;0.0;0.3;10.55;0.0;
1;2020-05-01 06:19:14;2020-05-01 06:29:38;1.0;3.1;1.0;N;233;75;1;11.0;2.5;0.5;2.85;0.0;0.3;17.15;2.5;
1;2020-05-01 06:19:29;2020-05-01 06:24:01;1.0;0.9;1.0;N;166;41;1;5.5;0.0;0.5;1.85;0.0;0.3;8.15;0.0;
1;2020-05-01 06:20:11;2020-05-01 06:22:11;1.0;0.4;1.0;N;141;263;2;3.5;2.5;0.5;0.0;0.0;0.3;6.8;2.5;
2;2020-05-01 06:20:12;2020-05-01 06:24:32;1.0;1.0;1.0;N;100;161;1;5.5;0.0;0.5;2.2;0.0;0.3;11.0;2.5;
2;2020-05-01 06:20:42;2020-05-01 06:30:06;1.0;2.99;1.0;N;107;237;1;10.5;0.0;0.5;2.0;0.0;0.3;15.8;2.5;
2;2020-05-01 06:20:44;2020-05-01 06:40:56;1.0;6.39;1.0;N;79;41;2;20.5;0.0;0.5;0.0;0.0;0.3;23.8;2.5;
1;2020-05-01 06:20:50;2020-05-01 06:23:21;1.0;1.1;1.0;N;75;74;2;5.0;0.0;0.5;0.0;0.0;0.3;5.8;0.0;
2;2020-05-01 06:21:07;2020-05-01 06:29:41;1.0;2.04;1.0;N;141;142;2;9.0;0.5;0.5;0.0;0.0;0.3;12.8;2.5;
2;2020-05-01 06:21:23;2020-05-01 06:33:35;1.0;3.5;1.0;N;186;12;1;12.5;0.0;0.5;3.0;0.0;0.3;18.8;2.5;
2;2020-05-01 06:21:29;2020-05-01 06:38:49;1.0;6.56;1.0;N;79;74;1;20.5;0.0;0.5;1.0;0.0;0.3;24.8;2.5;
2;2020-05-01 06:22:04;2020-05-01 06:38:37;1.0;6.11;1.0;N;261;43;2;19.0;0.0;0.5;0.0;0.0;0.3;22.3;2.5;
1;2020-05-01 06:22:11;2020-05-01 06:29:03;1.0;1.5;1.0;N;239;237;1;7.5;2.5;0.5;2.0;0.0;0.3;12.8;2.5;
2;2020-05-01 06:22:20;2020-05-01 06:31:16;1.0;2.73;1.0;N;238;162;1;10.0;0.0;0.5;3.33;0.0;0.3;16.63;2.5;
1;2020-05-01 06:22:34;2020-05-01 06:28:09;1.0;1.2;1.0;N;262;236;2;6.5;2.5;0.5;0.0;0.0;0.3;9.8;2.5;
1;2020-05-01 06:22:35;2020-05-01 06:36:27;1.0;4.4;1.0;N;74;230;2;14.5;2.5;0.5;0.0;0.0;0.3;17.8;2.5;
1;2020-05-01 06:22:45;2020-05-01 06:30:08;1.0;3.0;1.0;N;48;238;1;10.0;2.5;0.5;2.0;0.0;0.3;15.3;2.5;
2;2020-05-01 06:22:58;2020-05-01 06:34:09;1.0;5.48;1.0;N;68;166;2;17.0;0.0;0.5;0.0;0.0;0.3;20.3;2.5;
1;2020-05-01 06:23:09;2020-05-01 06:27:25;1.0;1.2;1.0;N;100;142;1;6.0;2.5;0.5;2.3;0.0;0.3;11.6;2.5;
1;2020-05-01 06:23:37;2020-05-01 06:25:29;1.0;0.3;1.0;N;141;141;1;3.5;2.5;0.5;1.2;0.0;0.3;8.0;2.5;
1;2020-05-01 06:24:23;2020-05-01 06:41:13;1.0;5.2;1.0;N;140;158;1;18.0;2.5;0.5;5.3;0.0;0.3;26.6;2.5;
2;2020-05-01 06:24:27;2020-05-01 06:34:33;3.0;3.77;1.0;N;229;112;2;12.5;0.0;0.5;0.0;0.0;0.3;15.8;2.5;
2;2020-05-01 06:24:32;2020-05-01 06:47:33;2.0;8.61;1.0;N;234;244;1;28.0;0.0;0.5;3.76;0.0;0.3;37.01;2.5;
1;2020-05-01 06:24:37;2020-05-01 06:28:45;1.0;0.9;1.0;N;100;137;2;5.5;2.5;0.5;0.0;0.0;0.3;8.8;2.5;
2;2020-05-01 06:24:40;2020-05-01 06:31:42;1.0;1.97;1.0;N;140;162;1;8.0;0.0;0.5;2.0;0.0;0.3;13.3;2.5;
2;2020-05-01 06:24:46;2020-05-01 06:37:04;1.0;3.33;1.0;N;142;137;1;12.5;0.0;0.5;4.74;0.0;0.3;22.49;2.5;
2;2020-05-01 06:24:46;2020-05-01 06:54:48;6.0;12.19;1.0;N;188;236;1;35.5;0.0;0.5;0.0;0.0;0.3;38.8;2.5;
2;2020-05-01 06:24:49;2020-05-01 06:37:14;1.0;2.2;1.0;N;230;137;1;10.5;0.0;0.5;1.0;0.0;0.3;14.8;2.5;
2;2020-05-01 06:24:57;2020-05-01 06:26:48;1.0;0.66;1.0;N;229;162;1;4.0;0.0;0.5;1.46;0.0;0.3;8.76;2.5;
2;2020-05-01 06:25:00;2020-05-01 06:30:08;1.0;0.87;1.0;N;229;161;1;5.5;0.0;0.5;0.7;0.0;0.3;9.5;2.5;
2;2020-05-01 06:25:00;2020-05-01 06:36:37;1.0;3.64;1.0;N;75;161;2;12.5;0.0;0.5;0.0;0.0;0.3;15.8;2.5;
2;2020-05-01 06:25:08;2020-05-01 06:30:44;1.0;1.73;1.0;N;237;75;1;7.0;0.0;0.5;2.06;0.0;0.3;12.36;2.5;
2;2020-05-01 06:25:11;2020-05-01 06:30:59;1.0;1.19;1.0;N;170;137;1;6.5;0.0;0.5;1.96;0.0;0.3;11.76;2.5;
2;2020-05-01 06:26:39;2020-05-01 06:35:15;1.0;2.09;1.0;N;48;238;1;9.0;0.0;0.5;3.0;0.0;0.3;15.3;2.5;
1;2020-05-01 06:26:46;2020-05-01 06:28:48;1.0;0.4;1.0;N;162;229;1;3.5;2.5;0.5;3.5;0.0;0.3;10.3;2.5;
2;2020-05-01 06:26:56;2020-05-01 06:38:29;6.0;2.58;1.0;N;100;237;1;11.5;0.0;0.5;2.0;0.0;0.3;16.8;2.5;
1;2020-05-01 06:26:59;2020-05-01 06:38:33;1.0;3.7;1.0;N;74;239;1;13.0;2.5;0.5;0.0;0.0;0.3;16.3;2.5;
2;2020-05-01 06:26:59;2020-05-01 06:35:25;6.0;1.67;1.0;N;186;161;2;8.5;0.0;0.5;0.0;0.0;0.3;11.8;2.5;
2;2020-05-01 06:26:59;2020-05-01 06:49:35;1.0;11.23;1.0;N;64;183;1;34.0;0.0;0.5;2.75;6.12;0.3;43.67;0.0;
1;2020-05-01 06:26:59;2020-05-01 06:30:06;0.0;0.7;1.0;N;186;230;2;4.5;2.5;0.5;0.0;0.0;0.3;7.8;2.5;
1;2020-05-01 06:27:02;2020-05-01 06:31:08;1.0;1.1;1.0;N;186;161;2;5.5;2.5;0.5;0.0;0.0;0.3;8.8;2.5;
2;2020-05-01 06:27:06;2020-05-01 06:30:33;1.0;0.76;1.0;N;170;48;1;5.0;0.0;0.5;2.49;0.0;0.3;10.79;2.5;
1;2020-05-01 06:27:10;2020-05-01 06:39:25;1.0;3.8;1.0;N;170;75;1;14.5;2.5;0.5;4.45;0.0;0.3;22.25;2.5;
2;2020-05-01 06:27:11;2020-05-01 06:36:32;1.0;3.47;1.0;N;263;107;2;-11.5;0.0;-0.5;0.0;0.0;-0.3;-14.8;-2.5;
2;2020-05-01 06:27:11;2020-05-01 06:36:32;1.0;3.47;1.0;N;263;107;2;11.5;0.0;0.5;0.0;0.0;0.3;14.8;2.5;
1;2020-05-01 06:27:16;2020-05-01 06:31:46;1.0;0.7;1.0;N;239;143;2;5.0;2.5;0.5;0.0;0.0;0.3;8.3;2.5;
2;2020-05-01 06:27:19;2020-05-01 06:30:19;1.0;0.61;1.0;N;48;50;2;4.5;0.0;0.5;0.0;0.0;0.3;7.8;2.5;
2;2020-05-01 06:27:22;2020-05-01 06:39:38;1.0;3.97;1.0;N;239;137;1;14.0;0.0;0.5;3.46;0.0;0.3;20.76;2.5;
1;2020-05-01 06:27:24;2020-05-01 06:38:03;1.0;3.3;1.0;Y;48;107;1;11.5;2.5;0.5;2.95;0.0;0.3;17.75;2.5;
2;2020-05-01 06:27:33;2020-05-01 06:44:39;1.0;7.95;1.0;N;167;31;2;24.0;0.0;0.5;0.0;0.0;0.3;24.8;0.0;
1;2020-05-01 06:27:35;2020-05-01 06:33:05;1.0;1.0;1.0;N;100;161;2;6.0;2.5;0.5;0.0;0.0;0.3;9.3;2.5;
2;2020-05-01 06:27:44;2020-05-01 06:44:12;1.0;9.84;1.0;N;134;82;2;28.0;0.0;0.5;0.0;0.0;0.3;28.8;0.0;
1;2020-05-01 06:27:56;2020-05-01 06:54:57;0.0;7.6;1.0;N;226;166;1;25.0;2.5;0.5;2.0;0.0;0.3;30.3;2.5;
1;2020-05-01 06:28:07;2020-05-01 06:50:02;2.0;9.2;1.0;N;249;129;3;29.0;2.5;0.5;0.0;0.0;0.3;32.3;2.5;
2;2020-05-01 06:28:12;2020-05-01 06:30:43;1.0;0.52;1.0;N;262;263;2;4.0;0.0;0.5;0.0;0.0;0.3;7.3;2.5;
2;2020-05-01 06:28:13;2020-05-01 06:32:48;1.0;0.9;1.0;N;186;100;1;5.5;0.0;0.5;1.76;0.0;0.3;10.56;2.5;
2;2020-05-01 06:28:33;2020-05-01 06:30:45;1.0;0.88;1.0;N;229;140;1;4.5;0.0;0.5;1.0;0.0;0.3;8.8;2.5;
2;2020-05-01 06:28:34;2020-05-01 06:36:51;1.0;1.35;1.0;N;186;161;2;7.5;0.0;0.5;0.0;0.0;0.3;10.8;2.5;
1;2020-05-01 06:28:40;2020-05-01 06:44:30;1.0;5.4;1.0;N;74;146;1;17.5;0.0;0.5;4.85;6.12;0.3;29.27;0.0;
2;2020-05-01 06:28:56;2020-05-01 07:00:54;1.0;16.95;1.0;N;161;265;1;46.5;0.0;0.5;5.0;0.0;0.3;54.8;2.5;
2;2020-05-01 06:29:05;2020-05-01 06:39:23;1.0;1.64;1.0;N;100;137;1;9.0;0.0;0.5;2.0;0.0;0.3;14.3;2.5;
1;2020-05-01 06:29:22;2020-05-01 06:38:37;1.0;2.4;1.0;N;48;237;2;9.5;2.5;0.5;0.0;0.0;0.3;12.8;2.5;
2;2020-05-01 06:29:30;2020-05-01 06:32:29;1.0;0.87;1.0;N;152;166;1;5.0;0.0;0.5;1.16;0.0;0.3;6.96;0.0;
1;2020-05-01 06:29:37;2020-05-01 06:40:09;1.0;2.5;1.0;Y;100;237;1;10.5;2.5;0.5;3.45;0.0;0.3;17.25;2.5;
2;2020-05-01 06:30:05;2020-05-01 06:32:08;1.0;0.95;1.0;N;75;74;2;4.5;0.0;0.5;0.0;0.0;0.3;5.3;0.0;
1;2020-05-01 06:30:15;2020-05-01 06:32:00;1.0;0.5;1.0;N;236;236;1;4.0;2.5;0.5;1.5;0.0;0.3;8.8;2.5;
2;2020-05-01 06:30:21;2020-05-01 06:33:56;1.0;1.06;1.0;N;236;75;1;5.5;0.0;0.5;1.76;0.0;0.3;10.56;2.5;
1;2020-05-01 06:30:36;2020-05-01 06:37:36;3.0;2.4;1.0;N;107;140;2;8.5;2.5;0.5;0.0;0.0;0.3;11.8;2.5;
1;2020-05-01 06:30:40;2020-05-01 06:43:22;1.0;3.2;1.0;N;151;140;2;12.5;2.5;0.5;0.0;0.0;0.3;15.8;2.5;
1;2020-05-01 06:30:46;2020-05-01 06:38:19;1.0;1.9;1.0;N;141;137;1;9.0;2.5;0.5;1.35;0.0;0.3;13.65;2.5;
1;2020-05-01 06:31:32;2020-05-01 06:41:01;1.0;1.6;1.0;N;48;233;1;8.5;2.5;0.5;2.35;0.0;0.3;14.15;2.5;
1;2020-05-01 06:31:41;2020-05-01 06:52:16;1.0;5.5;1.0;N;113;181;1;20.5;2.5;0.5;7.1;0.0;0.3;30.9;2.5;
1;2020-05-01 06:31:44;2020-05-01 06:36:06;1.0;0.5;1.0;N;237;141;1;5.0;2.5;0.5;0.0;0.0;0.3;8.3;2.5;
1;2020-05-01 06:31:55;2020-05-01 06:34:49;1.0;1.1;1.0;N;262;140;1;5.0;2.5;0.5;1.5;0.0;0.3;9.8;2.5;
2;2020-05-01 06:31:58;2020-05-01 06:35:35;2.0;0.82;1.0;N;262;140;2;5.0;0.0;0.5;0.0;0.0;0.3;8.3;2.5;
2;2020-05-01 06:32:00;2020-05-01 06:39:58;2.0;1.38;1.0;N;186;137;1;7.5;0.0;0.5;1.5;0.0;0.3;12.3;2.5;
1;2020-05-01 06:32:25;2020-05-01 06:36:51;0.0;0.9;1.0;N;263;236;1;5.5;2.5;0.5;1.75;0.0;0.3;10.55;2.5;
1;2020-05-01 06:32:30;2020-05-01 06:35:56;1.0;0.6;1.0;N;42;74;2;4.5;0.0;0.5;0.0;0.0;0.3;5.3;0.0;
2;2020-05-01 06:33:32;2020-05-01 06:46:50;3.0;2.57;1.0;N;100;141;1;12.0;0.0;0.5;4.59;0.0;0.3;19.89;2.5;
1;2020-05-01 06:33:34;2020-05-01 06:40:06;2.0;2.7;1.0;N;140;137;1;9.5;2.5;0.5;1.92;0.0;0.3;14.72;2.5;
1;2020-05-01 06:33:47;2020-05-01 06:39:57;1.0;2.1;1.0;N;170;140;1;8.0;2.5;0.5;2.8;0.0;0.3;14.1;2.5;
1;2020-05-01 06:33:49;2020-05-01 06:37:02;0.0;0.9;1.0;N;100;161;2;4.5;2.5;0.5;0.0;0.0;0.3;7.8;2.5;
1;2020-05-01 06:33:50;2020-05-01 06:42:06;1.0;2.3;1.0;N;142;75;2;9.5;2.5;0.5;0.0;0.0;0.3;12.8;2.5;
1;2020-05-01 06:34:01;2020-05-01 06:38:59;1.0;1.4;1.0;N;48;142;1;6.5;2.5;0.5;1.95;0.0;0.3;11.75;2.5;
1;2020-05-01 06:34:41;2020-05-01 06:41:57;1.0;2.4;1.0;N;262;233;2;9.0;2.5;0.5;0.0;0.0;0.3;12.3;2.5;
1;2020-05-01 06:34:44;2020-05-01 06:45:38;1.0;3.4;1.0;N;164;261;2;12.0;2.5;0.5;0.0;0.0;0.3;15.3;2.5;
2;2020-05-01 06:34:48;2020-05-01 06:41:00;5.0;1.02;1.0;N;142;230;2;5.5;0.0;0.5;0.0;0.0;0.3;8.8;2.5;
1;2020-05-01 06:35:15;2020-05-01 06:50:23;1.0;2.9;1.0;N;79;68;2;13.0;2.5;0.5;0.0;0.0;0.3;16.3;2.5;
2;2020-05-01 06:35:16;2020-05-01 06:35:37;1.0;0.0;1.0;N;4;4;2;2.5;0.0;0.5;0.0;0.0;0.3;5.8;2.5;
2;2020-05-01 06:35:17;2020-05-01 06:38:53;1.0;1.09;1.0;N;74;74;1;5.0;0.0;0.5;1.0;0.0;0.3;6.8;0.0;
1;2020-05-01 06:35:19;2020-05-01 06:38:16;1.0;0.6;1.0;N;238;43;2;4.5;2.5;0.5;0.0;0.0;0.3;7.8;2.5;
1;2020-05-01 06:35:21;2020-05-01 06:45:41;1.0;2.9;1.0;N;48;236;1;11.0;2.5;0.5;2.85;0.0;0.3;17.15;2.5;
2;2020-05-01 06:35:22;2020-05-01 06:40:31;1.0;0.79;1.0;N;164;137;1;5.5;0.0;0.5;1.0;0.0;0.3;9.8;2.5;
1;2020-05-01 06:35:25;2020-05-01 06:40:35;1.0;2.1;1.0;N;24;142;1;8.5;2.5;0.5;2.5;0.0;0.3;14.3;2.5;
1;2020-05-01 06:35:38;2020-05-01 06:40:48;1.0;1.0;1.0;N;186;170;1;5.5;2.5;0.5;1.75;0.0;0.3;10.55;2.5;
2;2020-05-01 06:35:43;2020-05-01 06:44:18;1.0;3.72;1.0;N;24;50;1;12.5;0.0;0.5;3.16;0.0;0.3;18.96;2.5;
1;2020-05-01 06:35:45;2020-05-01 06:42:28;1.0;1.1;1.0;N;186;137;1;6.5;2.5;0.5;0.0;0.0;0.3;9.8;2.5;
2;2020-05-01 06:35:59;2020-05-01 06:41:18;1.0;1.2;1.0;N;186;137;1;6.0;0.0;0.5;2.33;0.0;0.3;11.63;2.5;
1;2020-05-01 06:36:01;2020-05-01 06:41:51;1.0;1.3;1.0;N;186;137;2;6.5;2.5;0.5;0.0;0.0;0.3;9.8;2.5;
2;2020-05-01 06:36:10;2020-05-01 06:47:49;1.0;2.68;1.0;N;140;48;1;11.5;0.0;0.5;2.96;0.0;0.3;17.76;2.5;
1;2020-05-01 06:36:16;2020-05-01 06:44:33;1.0;2.5;1.0;N;263;161;1;9.5;2.5;0.5;2.55;0.0;0.3;15.35;2.5;
1;2020-05-01 06:36:22;2020-05-01 06:38:52;1.0;1.1;1.0;N;237;263;2;5.0;2.5;0.5;0.0;0.0;0.3;8.3;2.5;
2;2020-05-01 06:36:39;2020-05-01 06:47:33;1.0;3.56;1.0;N;239;116;2;13.0;0.0;0.5;0.0;0.0;0.3;16.3;2.5;
2;2020-05-01 06:36:46;2020-05-01 06:43:05;1.0;1.34;1.0;N;100;162;1;7.0;0.0;0.5;2.06;0.0;0.3;12.36;2.5;
1;2020-05-01 06:37:07;2020-05-01 06:44:05;1.0;1.0;1.0;N;186;137;1;6.5;2.5;0.5;0.0;0.0;0.3;9.8;2.5;
1;2020-05-01 06:37:45;2020-05-01 06:46:23;1.0;2.7;1.0;N;74;141;1;9.5;2.5;0.5;1.0;0.0;0.3;13.8;2.5;
2;2020-05-01 06:37:51;2020-05-01 06:43:28;1.0;1.77;1.0;N;237;230;2;7.5;0.0;0.5;0.0;0.0;0.3;10.8;2.5;
2;2020-05-01 06:38:01;2020-05-01 06:42:02;1.0;1.38;1.0;N;75;262;2;6.0;0.0;0.5;0.0;0.0;0.3;9.3;2.5;
2;2020-05-01 06:38:02;2020-05-01 06:44:56;1.0;4.17;1.0;N;87;137;1;12.5;0.0;0.5;3.16;0.0;0.3;20.91;2.5;
2;2020-05-01 06:38:13;2020-05-01 06:44:52;1.0;1.62;1.0;N;137;230;1;7.5;0.0;0.5;0.0;0.0;0.3;10.8;2.5;
1;2020-05-01 06:38:18;2020-05-01 06:46:32;1.0;1.7;1.0;N;90;137;1;8.0;2.5;0.5;2.25;0.0;0.3;13.55;2.5;
2;2020-05-01 06:38:22;2020-05-01 06:43:39;2.0;1.27;1.0;N;79;249;1;6.0;0.0;0.5;2.79;0.0;0.3;12.09;2.5;
2;2020-05-01 06:38:55;2020-05-01 07:09:56;1.0;15.13;1.0;N;186;174;1;43.0;0.0;0.5;5.0;0.0;0.3;51.3;2.5;
2;2020-05-01 06:39:00;2020-05-01 06:40:00;2.0;0.34;1.0;N;151;24;2;3.0;0.0;0.5;0.0;0.0;0.3;3.8;0.0;
1;2020-05-01 06:39:03;2020-05-01 06:53:11;1.0;4.2;1.0;N;237;42;1;14.5;2.5;0.5;2.0;0.0;0.3;19.8;2.5;
2;2020-05-01 06:39:14;2020-05-01 06:46:27;1.0;2.41;1.0;N;141;107;2;8.5;0.0;0.5;0.0;0.0;0.3;11.8;2.5;
2;2020-05-01 06:39:15;2020-05-01 06:44:21;1.0;1.58;1.0;N;233;140;1;6.5;0.0;0.5;1.0;0.0;0.3;10.8;2.5;
2;2020-05-01 06:39:18;2020-05-01 06:42:12;1.0;0.82;1.0;N;74;43;2;4.5;0.0;0.5;0.0;0.0;0.3;5.3;0.0;
1;2020-05-01 06:39:39;2020-05-01 06:43:07;1.0;1.1;1.0;N;233;141;1;5.5;2.5;0.5;1.0;0.0;0.3;9.8;2.5;
2;2020-05-01 06:39:41;2020-05-01 06:41:25;1.0;0.69;1.0;N;107;137;1;4.0;0.0;0.5;2.19;0.0;0.3;9.49;2.5;
2;2020-05-01 06:39:48;2020-05-01 06:48:27;1.0;2.28;1.0;N;142;236;2;9.5;0.0;0.5;0.0;0.0;0.3;12.8;2.5;
1;2020-05-01 06:40:04;2020-05-01 06:48:51;1.0;3.5;1.0;N;263;170;2;12.0;2.5;0.5;0.0;0.0;0.3;15.3;2.5;
2;2020-05-01 06:40:04;2020-05-01 06:45:34;1.0;0.87;1.0;N;141;140;2;5.5;0.0;0.5;0.0;0.0;0.3;8.8;2.5;
2;2020-05-01 06:40:05;2020-05-01 06:47:47;1.0;1.67;1.0;N;239;263;1;8.0;0.0;0.5;2.82;0.0;0.3;14.12;2.5;
1;2020-05-01 06:40:10;2020-05-01 06:53:17;1.0;4.0;1.0;N;186;75;1;14.5;2.5;0.5;1.0;0.0;0.3;18.8;2.5;
2;2020-05-01 06:40:33;2020-05-01 06:47:29;1.0;2.15;1.0;N;186;237;1;8.0;0.0;0.5;0.0;0.0;0.3;11.3;2.5;
2;2020-05-01 06:40:46;2020-05-01 06:50:02;1.0;2.02;1.0;N;238;142;2;9.5;0.0;0.5;0.0;0.0;0.3;12.8;2.5;
1;2020-05-01 06:40:48;2020-05-01 06:44:47;1.0;1.1;1.0;N;186;230;2;5.5;2.5;0.5;0.0;0.0;0.3;8.8;2.5;
1;2020-05-01 06:40:50;2020-05-01 06:43:00;1.0;1.0;1.0;N;75;74;2;5.0;0.0;0.5;0.0;0.0;0.3;5.8;0.0;
1;2020-05-01 06:40:52;2020-05-01 06:42:25;1.0;0.5;1.0;N;74;74;2;3.5;0.0;0.5;0.0;0.0;0.3;4.3;0.0;
1;2020-05-01 06:41:13;2020-05-01 06:56:37;1.0;4.0;1.0;N;143;137;1;15.0;2.5;0.5;3.65;0.0;0.3;21.95;2.5;
1;2020-05-01 06:41:17;2020-05-01 06:43:46;1.0;0.6;1.0;N;237;140;1;4.0;2.5;0.5;1.45;0.0;0.3;8.75;2.5;
2;2020-05-01 06:41:31;2020-05-01 07:03:44;1.0;11.56;1.0;N;90;18;2;33.5;0.0;0.5;0.0;0.0;0.3;36.8;2.5;
2;2020-05-01 06:41:33;2020-05-01 06:47:04;1.0;0.61;1.0;N;237;140;2;5.5;0.5;0.5;0.0;0.0;0.3;9.3;2.5;
1;2020-05-01 06:41:39;2020-05-01 06:47:04;1.0;1.6;1.0;N;264;264;1;7.0;0.0;0.5;1.17;0.0;0.3;8.97;0.0;
2;2020-05-01 06:42:12;2020-05-01 06:44:53;1.0;0.82;1.0;N;229;141;2;4.5;0.0;0.5;0.0;0.0;0.3;7.8;2.5;
2;2020-05-01 06:42:19;2020-05-01 07:05:07;1.0;7.97;1.0;N;140;244;1;26.0;0.0;0.5;3.0;0.0;0.3;32.3;2.5;
1;2020-05-01 06:42:27;2020-05-01 06:45:43;0.0;1.3;1.0;N;74;75;2;5.5;0.0;0.5;0.0;0.0;0.3;6.3;0.0;
1;2020-05-01 06:42:49;2020-05-01 06:54:39;0.0;6.8;1.0;N;263;209;1;20.5;2.5;0.5;5.95;0.0;0.3;29.75;2.5;
2;2020-05-01 06:43:01;2020-05-01 06:46:40;1.0;0.68;1.0;N;100;164;2;4.5;0.0;0.5;0.0;0.0;0.3;7.8;2.5;
1;2020-05-01 06:43:02;2020-05-01 07:00:44;1.0;3.7;1.0;N;141;246;1;16.0;2.5;0.5;5.75;0.0;0.3;25.05;2.5;
2;2020-05-01 06:43:05;2020-05-01 06:54:45;1.0;3.69;1.0;N;42;141;1;12.5;0.0;0.5;0.0;0.0;0.3;15.8;2.5;
1;2020-05-01 06:43:06;2020-05-01 06:51:16;0.0;1.9;1.0;N;74;151;1;8.5;0.0;0.5;1.85;0.0;0.3;11.15;0.0;
1;2020-05-01 06:43:11;2020-05-01 06:56:09;1.0;2.4;1.0;N;229;143;1;11.5;2.5;0.5;3.0;0.0;0.3;17.8;2.5;
2;2020-05-01 06:43:22;2020-05-01 06:49:07;1.0;0.93;1.0;N;162;186;1;6.0;0.0;0.5;2.79;0.0;0.3;12.09;2.5;
2;2020-05-01 06:43:25;2020-05-01 06:50:54;1.0;1.38;1.0;N;186;137;1;7.5;0.0;0.5;0.0;0.0;0.3;10.8;2.5;
2;2020-05-01 06:43:26;2020-05-01 06:47:23;1.0;1.58;1.0;N;74;263;1;6.5;0.0;0.5;1.0;0.0;0.3;10.8;2.5;
2;2020-05-01 06:43:38;2020-05-01 06:56:15;5.0;1.96;1.0;N;100;137;1;9.5;0.0;0.5;2.56;0.0;0.3;15.36;2.5;
1;2020-05-01 06:43:39;2020-05-01 06:49:38;1.0;1.0;1.0;N;107;4;2;6.0;2.5;0.5;0.0;0.0;0.3;9.3;2.5;
2;2020-05-01 06:43:54;2020-05-01 06:48:54;1.0;1.52;1.0;N;48;237;1;6.5;0.0;0.5;1.47;0.0;0.3;11.27;2.5;
1;2020-05-01 06:44:11;2020-05-01 06:51:02;1.0;2.1;1.0;N;186;237;1;8.5;2.5;0.5;2.35;0.0;0.3;14.15;2.5;
2;2020-05-01 06:44:18;2020-05-01 06:57:26;1.0;3.9;1.0;N;224;75;1;14.5;0.0;0.5;2.67;0.0;0.3;20.47;2.5;
2;2020-05-01 06:44:21;2020-05-01 06:47:18;1.0;0.55;1.0;N;42;41;2;4.0;0.0;0.5;0.0;0.0;0.3;4.8;0.0;
2;2020-05-01 06:44:30;2020-05-01 06:57:50;1.0;7.95;1.0;N;43;209;1;23.0;0.0;0.5;6.58;0.0;0.3;32.88;2.5;
2;2020-05-01 06:44:44;2020-05-01 06:47:58;1.0;0.72;1.0;N;141;141;1;4.5;0.0;0.5;5.0;0.0;0.3;12.8;2.5;
2;2020-05-01 06:44:51;2020-05-01 06:51:33;6.0;1.39;1.0;N;100;162;2;7.0;0.0;0.5;0.0;0.0;0.3;10.3;2.5;
1;2020-05-01 06:45:00;2020-05-01 06:54:31;0.0;1.4;1.0;N;186;137;1;8.0;2.5;0.5;2.25;0.0;0.3;13.55;2.5;
1;2020-05-01 06:45:17;2020-05-01 06:53:32;1.0;3.2;1.0;N;151;237;1;10.5;2.5;0.5;2.0;0.0;0.3;15.8;2.5;
2;2020-05-01 06:45:20;2020-05-01 06:59:43;1.0;4.5;1.0;N;238;234;1;15.5;0.0;0.5;5.64;0.0;0.3;24.44;2.5;
2;2020-05-01 06:45:22;2020-05-01 06:52:16;1.0;1.49;1.0;N;236;239;1;7.5;0.0;0.5;2.0;0.0;0.3;12.8;2.5;
1;2020-05-01 06:45:24;2020-05-01 06:47:20;1.0;0.4;1.0;N;166;24;1;3.5;0.0;0.5;1.05;0.0;0.3;5.35;0.0;
2;2020-05-01 06:45:29;2020-05-01 06:51:23;1.0;0.9;1.0;N;263;75;1;6.0;0.0;0.5;0.93;0.0;0.3;10.23;2.5;
2;2020-05-01 06:45:31;2020-05-01 06:52:41;5.0;1.33;1.0;N;48;162;2;7.0;0.0;0.5;0.0;0.0;0.3;10.3;2.5;
2;2020-05-01 06:45:40;2020-05-01 06:51:51;1.0;2.76;1.0;N;263;239;1;10.0;0.0;0.5;1.5;0.0;0.3;14.8;2.5;
1;2020-05-01 06:46:01;2020-05-01 06:54:51;1.0;0.0;1.0;N;142;186;1;8.7;2.5;0.5;1.2;0.0;0.3;13.2;2.5;
2;2020-05-01 06:46:03;2020-05-01 06:56:04;1.0;3.78;1.0;N;75;170;2;12.0;0.0;0.5;0.0;0.0;0.3;15.3;2.5;
2;2020-05-01 06:46:03;2020-05-01 06:50:31;1.0;0.7;1.0;N;263;141;2;5.0;0.0;0.5;0.0;0.0;0.3;8.3;2.5;
1;2020-05-01 06:46:17;2020-05-01 06:53:18;1.0;1.6;1.0;N;162;140;2;7.5;2.5;0.5;0.0;0.0;0.3;10.8;2.5;
2;2020-05-01 06:46:28;2020-05-01 07:00:13;1.0;5.07;1.0;N;74;162;2;17.0;0.0;0.5;0.0;0.0;0.3;20.3;2.5;
1;2020-05-01 06:46:31;2020-05-01 06:50:05;1.0;0.7;1.0;N;229;140;1;4.5;2.5;0.5;1.0;0.0;0.3;8.8;2.5;
1;2020-05-01 06:46:33;2020-05-01 06:49:20;1.0;0.7;1.0;N;100;161;2;4.5;2.5;0.5;0.0;0.0;0.3;7.8;2.5;
1;2020-05-01 06:46:33;2020-05-01 06:53:01;1.0;1.6;1.0;N;142;43;1;7.5;2.5;0.5;2.0;0.0;0.3;12.8;2.5;
1;2020-05-01 06:46:50;2020-05-01 06:50:48;1.0;0.7;1.0;N;43;75;2;5.0;0.0;0.5;0.0;0.0;0.3;5.8;0.0;
2;2020-05-01 06:47:02;2020-05-01 06:55:13;1.0;2.76;1.0;N;238;162;1;10.0;0.0;0.5;3.0;0.0;0.3;16.3;2.5;
2;2020-05-01 06:47:03;2020-05-01 06:55:18;1.0;2.05;1.0;N;233;68;1;8.5;0.0;0.5;8.0;0.0;0.3;21.75;2.5;
2;2020-05-01 06:47:05;2020-05-01 07:18:16;1.0;21.07;1.0;N;132;241;2;55.5;0.0;0.5;0.0;6.12;0.3;62.42;0.0;
2;2020-05-01 06:47:20;2020-05-01 06:59:49;1.0;3.71;1.0;N;151;244;2;14.0;0.0;0.5;0.0;0.0;0.3;14.8;0.0;
1;2020-05-01 06:47:41;2020-05-01 06:50:41;1.0;0.8;1.0;N;238;236;1;5.0;0.0;0.5;1.0;0.0;0.3;6.8;0.0;
1;2020-05-01 06:47:51;2020-05-01 06:50:14;1.0;0.6;1.0;N;43;142;2;4.5;2.5;0.5;0.0;0.0;0.3;7.8;2.5;
1;2020-05-01 06:47:53;2020-05-01 06:59:46;1.0;2.2;1.0;N;100;137;1;10.5;2.5;0.5;2.07;0.0;0.3;15.87;2.5;
2;2020-05-01 06:47:54;2020-05-01 07:01:26;1.0;3.73;1.0;N;162;43;2;13.5;0.0;0.5;0.0;0.0;0.3;16.8;2.5;
1;2020-05-01 06:47:57;2020-05-01 06:57:14;1.0;2.6;1.0;N;79;88;1;10.0;2.5;0.5;3.95;0.0;0.3;17.25;2.5;
2;2020-05-01 06:48:00;2020-05-01 06:53:42;1.0;1.35;1.0;N;162;68;1;6.5;0.0;0.5;1.96;0.0;0.3;11.76;2.5;
2;2020-05-01 06:48:03;2020-05-01 06:51:18;1.0;0.83;1.0;N;236;75;1;4.5;0.0;0.5;1.56;0.0;0.3;9.36;2.5;
2;2020-05-01 06:48:13;2020-05-01 07:00:57;5.0;4.43;1.0;N;48;166;2;15.5;0.0;0.5;0.0;0.0;0.3;18.8;2.5;
2;2020-05-01 06:48:17;2020-05-01 07:00:45;1.0;4.6;1.0;N;170;41;1;14.5;0.0;0.5;0.0;0.0;0.3;17.8;2.5;
1;2020-05-01 06:48:35;2020-05-01 06:53:36;0.0;2.0;1.0;N;43;43;2;7.5;2.5;0.5;0.0;0.0;0.3;10.8;2.5;
1;2020-05-01 06:48:37;2020-05-01 06:53:18;1.0;1.0;1.0;N;162;100;1;5.5;2.5;0.5;1.0;0.0;0.3;9.8;2.5;
1;2020-05-01 06:48:45;2020-05-01 06:55:24;1.0;1.2;1.0;N;100;107;1;7.0;2.5;0.5;2.55;0.0;0.3;12.85;2.5;
1;2020-05-01 06:48:55;2020-05-01 06:53:04;1.0;0.6;1.0;N;170;137;1;5.0;2.5;0.5;1.65;0.0;0.3;9.95;2.5;
2;2020-05-01 06:48:58;2020-05-01 06:54:26;1.0;1.48;1.0;N;141;233;1;7.0;0.0;0.5;2.06;0.0;0.3;12.36;2.5;
2;2020-05-01 06:49:01;2020-05-01 06:57:40;3.0;3.32;1.0;N;236;233;1;11.5;0.0;0.5;3.0;0.0;0.3;17.8;2.5;
2;2020-05-01 06:49:15;2020-05-01 06:56:46;2.0;2.73;1.0;N;163;113;2;9.5;0.0;0.5;0.0;0.0;0.3;12.8;2.5;
2;2020-05-01 06:49:17;2020-05-01 06:56:05;2.0;2.7;1.0;N;186;231;1;9.0;0.0;0.5;4.0;0.0;0.3;16.3;2.5;
1;2020-05-01 06:49:17;2020-05-01 06:55:14;1.0;0.9;1.0;N;237;140;1;6.0;2.5;0.5;1.85;0.0;0.3;11.15;2.5;
1;2020-05-01 06:49:22;2020-05-01 06:58:16;1.0;1.6;1.0;N;141;142;1;8.5;2.5;0.5;6.0;0.0;0.3;17.8;2.5;
1;2020-05-01 06:49:25;2020-05-01 06:54:55;1.0;1.1;1.0;N;263;75;1;6.0;2.5;0.5;1.4;0.0;0.3;10.7;2.5;
1;2020-05-01 06:49:32;2020-05-01 06:56:52;1.0;1.2;1.0;N;100;162;1;7.0;2.5;0.5;0.0;0.0;0.3;10.3;2.5;
2;2020-05-01 06:49:49;2020-05-01 06:52:51;1.0;0.58;1.0;N;48;163;1;4.5;0.0;0.5;1.0;0.0;0.3;8.8;2.5;
1;2020-05-01 06:49:49;2020-05-01 07:05:40;1.0;10.5;1.0;N;263;53;2;29.5;0.0;0.5;0.0;6.12;0.3;36.42;0.0;
1;2020-05-01 06:49:51;2020-05-01 06:57:08;1.0;1.6;1.0;N;140;75;1;8.0;2.5;0.5;2.0;0.0;0.3;13.3;2.5;
1;2020-05-01 06:49:53;2020-05-01 06:56:13;0.0;0.0;1.0;N;132;132;3;3.0;0.0;0.5;0.0;0.0;0.3;3.8;0.0;
2;2020-05-01 06:50:01;2020-05-01 06:58:05;1.0;3.06;1.0;N;237;107;1;10.0;0.0;0.5;2.66;0.0;0.3;15.96;2.5;
1;2020-05-01 06:50:04;2020-05-01 07:09:36;1.0;6.5;1.0;N;75;158;3;22.0;2.5;0.5;0.0;0.0;0.3;25.3;2.5;
1;2020-05-01 06:50:11;2020-05-01 06:56:43;1.0;2.5;1.0;N;41;43;2;9.0;2.5;0.5;0.0;0.0;0.3;12.3;2.5;
2;2020-05-01 06:50:23;2020-05-01 07:04:24;1.0;4.07;1.0;N;100;75;2;14.5;0.0;0.5;0.0;0.0;0.3;17.8;2.5;
2;2020-05-01 06:50:35;2020-05-01 06:56:04;1.0;2.2;1.0;N;263;162;1;8.0;0.0;0.5;0.0;0.0;0.3;11.3;2.5;
2;2020-05-01 06:50:45;2020-05-01 06:58:24;1.0;2.6;1.0;N;75;168;1;9.5;0.0;0.5;2.06;0.0;0.3;12.36;0.0;
1;2020-05-01 06:51:16;2020-05-01 06:56:48;1.0;1.4;1.0;N;236;238;1;6.5;2.5;0.5;1.96;0.0;0.3;11.76;2.5;
1;2020-05-01 06:51:26;2020-05-01 06:54:18;1.0;0.6;1.0;N;74;74;2;4.5;0.0;0.5;0.0;0.0;0.3;5.3;0.0;
2;2020-05-01 06:51:27;2020-05-01 06:55:33;1.0;0.91;1.0;N;48;161;1;5.0;0.0;0.5;1.66;0.0;0.3;9.96;2.5;
1;2020-05-01 06:51:46;2020-05-01 06:59:42;1.0;1.8;1.0;N;162;140;1;8.0;2.5;0.5;0.0;0.0;0.3;11.3;2.5;
2;2020-05-01 06:51:51;2020-05-01 06:52:50;2.0;0.26;1.0;N;116;116;2;3.0;0.0;0.5;0.0;0.0;0.3;3.8;0.0;
1;2020-05-01 06:52:04;2020-05-01 06:57:12;1.0;1.2;1.0;Y;239;142;1;6.0;2.5;0.5;1.4;0.0;0.3;10.7;2.5;
2;2020-05-01 06:52:04;2020-05-01 06:58:04;1.0;1.43;1.0;N;186;137;1;7.0;0.0;0.5;5.0;0.0;0.3;15.3;2.5;
2;2020-05-01 06:52:21;2020-05-01 06:56:10;1.0;1.22;1.0;N;186;230;2;5.5;0.0;0.5;0.0;0.0;0.3;8.8;2.5;
1;2020-05-01 06:52:28;2020-05-01 07:06:37;1.0;3.8;1.0;N;75;230;2;14.0;2.5;0.5;0.0;0.0;0.3;17.3;2.5;
1;2020-05-01 06:53:15;2020-05-01 07:06:23;2.0;2.5;1.0;N;7;260;2;11.5;0.0;0.5;0.0;0.0;0.3;12.3;0.0;
1;2020-05-01 06:53:15;2020-05-01 07:07:37;1.0;4.4;1.0;N;238;137;1;15.5;2.5;0.5;1.2;0.0;0.3;20.0;2.5;
2;2020-05-01 06:53:28;2020-05-01 06:56:52;1.0;1.51;1.0;N;148;137;2;6.0;0.0;0.5;0.0;0.0;0.3;9.3;2.5;
2;2020-05-01 06:53:46;2020-05-01 07:00:12;1.0;1.31;1.0;N;263;75;1;7.0;0.0;0.5;2.58;0.0;0.3;12.88;2.5;
1;2020-05-01 06:54:00;2020-05-01 07:11:41;1.0;0.0;1.0;N;159;242;1;29.2;0.0;0.5;0.0;0.0;0.3;30.0;0.0;
2;2020-05-01 06:54:17;2020-05-01 07:00:36;1.0;1.77;1.0;N;42;74;1;7.5;0.0;0.5;0.0;0.0;0.3;8.3;0.0;
2;2020-05-01 06:54:32;2020-05-01 07:03:03;6.0;3.61;1.0;N;79;140;2;11.5;0.0;0.5;0.0;0.0;0.3;14.8;2.5;
1;2020-05-01 06:54:43;2020-05-01 06:58:07;1.0;1.3;1.0;N;141;233;1;6.0;2.5;0.5;1.85;0.0;0.3;11.15;2.5;
2;2020-05-01 06:54:51;2020-05-01 07:15:10;2.0;10.41;1.0;N;233;181;2;29.5;0.0;0.5;0.0;0.0;0.3;32.8;2.5;
2;2020-05-01 06:54:57;2020-05-01 07:03:16;2.0;2.54;1.0;N;236;170;1;9.5;0.0;0.5;1.5;0.0;0.3;14.3;2.5;
2;2020-05-01 06:54:58;2020-05-01 07:00:03;1.0;1.96;1.0;N;137;237;2;7.0;0.0;0.5;0.0;0.0;0.3;10.3;2.5;
2;2020-05-01 06:55:07;2020-05-01 07:01:05;1.0;1.07;1.0;N;41;74;1;6.5;0.0;0.5;1.82;0.0;0.3;9.12;0.0;
2;2020-05-01 06:55:09;2020-05-01 07:07:29;1.0;4.22;1.0;N;151;233;1;14.0;0.0;0.5;3.46;0.0;0.3;20.76;2.5;
1;2020-05-01 06:55:19;2020-05-01 06:57:12;1.0;0.3;1.0;N;75;75;3;3.5;0.0;0.5;0.0;0.0;0.3;4.3;0.0;
2;2020-05-01 06:55:21;2020-05-01 07:12:34;5.0;4.52;1.0;N;137;75;1;17.0;0.0;0.5;1.0;0.0;0.3;21.3;2.5;
2;2020-05-01 06:55:37;2020-05-01 07:00:26;1.0;0.54;1.0;N;263;236;2;5.0;0.0;0.5;0.0;0.0;0.3;8.3;2.5;
2;2020-05-01 06:55:43;2020-05-01 07:05:25;2.0;2.69;1.0;N;41;237;1;10.5;0.0;0.5;1.38;0.0;0.3;15.18;2.5;
1;2020-05-01 06:56:05;2020-05-01 07:02:29;1.0;2.5;1.0;N;263;170;1;8.5;2.5;0.5;1.0;0.0;0.3;12.8;2.5;
1;2020-05-01 06:56:16;2020-05-01 07:05:29;1.0;1.7;1.0;N;230;137;2;8.5;2.5;0.5;0.0;0.0;0.3;11.8;2.5;
2;2020-05-01 06:56:35;2020-05-01 07:00:11;1.0;0.78;1.0;N;142;142;2;4.5;0.0;0.5;0.0;0.0;0.3;7.8;2.5;
1;2020-05-01 06:56:36;2020-05-01 07:06:36;1.0;2.5;1.0;N;48;140;1;10.0;2.5;0.5;4.0;0.0;0.3;17.3;2.5;
1;2020-05-01 06:56:36;2020-05-01 07:05:43;1.0;2.3;1.0;N;140;170;2;9.5;2.5;0.5;0.0;0.0;0.3;12.8;2.5;
2;2020-05-01 06:56:42;2020-05-01 07:10:31;1.0;5.25;1.0;N;42;140;1;16.5;0.0;0.5;10.0;0.0;0.3;29.8;2.5;
2;2020-05-01 06:57:15;2020-05-01 07:06:23;1.0;2.19;1.0;N;239;140;1;9.5;0.0;0.5;2.56;0.0;0.3;17.31;2.5;
1;2020-05-01 06:57:15;2020-05-01 07:06:40;1.0;1.7;1.0;N;264;166;2;9.0;0.0;0.5;0.0;0.0;0.3;9.8;0.0;
1;2020-05-01 06:57:18;2020-05-01 07:03:38;0.0;1.5;1.0;N;48;164;1;7.0;2.5;0.5;1.03;0.0;0.3;11.33;2.5;
1;2020-05-01 06:57:19;2020-05-01 07:02:05;1.0;0.8;1.0;N;186;170;2;5.5;2.5;0.5;0.0;0.0;0.3;8.8;2.5;
2;2020-05-01 06:57:21;2020-05-01 07:10:41;6.0;1.87;1.0;N;48;137;1;10.5;0.0;0.5;1.0;0.0;0.3;14.8;2.5;
2;2020-05-01 06:57:34;2020-05-01 06:59:14;2.0;0.32;1.0;N;100;68;1;3.5;0.0;0.5;1.36;0.0;0.3;8.16;2.5;
2;2020-05-01 06:57:35;2020-05-01 07:07:40;1.0;3.69;1.0;N;74;161;1;12.0;0.0;0.5;1.53;0.0;0.3;18.78;2.5;
1;2020-05-01 06:57:36;2020-05-01 06:59:56;1.0;0.7;1.0;N;75;263;2;4.0;2.5;0.5;0.0;0.0;0.3;7.3;2.5;
2;2020-05-01 06:57:50;2020-05-01 07:00:39;1.0;1.09;1.0;N;100;161;2;5.0;0.0;0.5;0.0;0.0;0.3;8.3;2.5;
2;2020-05-01 06:57:54;2020-05-01 07:30:03;1.0;16.07;5.0;N;127;17;1;47.03;0.0;0.5;0.0;6.12;0.3;53.95;0.0;
2;2020-05-01 06:57:56;2020-05-01 07:01:09;1.0;0.7;1.0;N;152;41;2;4.5;0.0;0.5;0.0;0.0;0.3;5.3;0.0;
2;2020-05-01 06:58:04;2020-05-01 07:04:32;1.0;1.57;1.0;N;151;75;1;7.5;0.0;0.5;2.0;0.0;0.3;12.25;0.0;
2;2020-05-01 06:58:13;2020-05-01 07:05:30;1.0;1.64;1.0;N;151;239;1;8.0;0.0;0.5;1.7;0.0;0.3;13.0;2.5;
1;2020-05-01 06:58:18;2020-05-01 09:23:20;0.0;33.9;1.0;Y;132;25;2;125.0;0.0;0.5;0.0;0.0;0.3;125.8;0.0;
2;2020-05-01 06:58:22;2020-05-01 07:05:29;1.0;1.53;1.0;N;113;68;2;7.5;0.0;0.5;0.0;0.0;0.3;10.8;2.5;
2;2020-05-01 06:58:46;2020-05-01 07:01:23;1.0;0.76;1.0;N;236;236;1;4.5;0.0;0.5;0.0;0.0;0.3;7.8;2.5;
1;2020-05-01 06:59:23;2020-05-01 07:01:20;1.0;0.4;1.0;N;237;162;2;3.5;2.5;0.5;0.0;0.0;0.3;6.8;2.5;
1;2020-05-01 06:59:28;2020-05-01 07:05:49;1.0;2.5;1.0;N;137;140;1;8.5;2.5;0.5;2.95;0.0;0.3;14.75;2.5;
1;2020-05-01 06:59:29;2020-05-01 07:06:03;1.0;1.5;1.0;N;143;48;2;7.5;2.5;0.5;0.0;0.0;0.3;10.8;2.5;
2;2020-05-01 06:59:30;2020-05-01 07:07:59;1.0;3.08;1.0;N;247;235;2;11.0;0.0;0.5;0.0;0.0;0.3;11.8;0.0;
2;2020-05-01 06:59:50;2020-05-01 07:14:00;1.0;2.98;1.0;N;186;237;1;13.0;0.0;0.5;3.26;0.0;0.3;19.56;2.5;
1;2020-05-01 06:59:59;2020-05-01 07:05:27;1.0;1.6;1.0;N;233;234;2;7.0;2.5;0.5;0.0;0.0;0.3;10.3;2.5;
2;2020-05-01 07:00:15;2020-05-01 07:14:28;1.0;3.97;1.0;N;232;140;1;13.5;0.0;0.5;3.0;0.0;0.3;19.8;2.5;
1;2020-05-01 07:00:19;2020-05-01 07:02:26;1.0;0.5;1.0;N;237;140;2;4.0;2.5;0.5;0.0;0.0;0.3;7.3;2.5;
2;2020-05-01 07:00:20;2020-05-01 07:02:01;1.0;0.68;1.0;N;236;236;1;4.0;0.0;0.5;0.0;0.0;0.3;7.3;2.5;
1;2020-05-01 07:00:31;2020-05-01 07:08:38;1.0;1.3;1.0;N;263;238;1;7.5;2.5;0.5;2.7;0.0;0.3;13.5;2.5;
1;2020-05-01 07:00:39;2020-05-01 07:06:21;1.0;1.6;1.0;N;236;161;1;7.0;2.5;0.5;1.0;0.0;0.3;11.3;2.5;
1;2020-05-01 07:00:44;2020-05-01 07:49:12;1.0;0.0;1.0;N;62;41;1;42.2;0.0;0.5;6.45;0.0;0.3;49.45;0.0;
2;2020-05-01 07:00:58;2020-05-01 07:37:57;2.0;17.57;1.0;N;51;137;1;50.0;0.0;0.5;2.75;0.0;0.3;53.55;0.0;
2;2020-05-01 07:01:01;2020-05-01 07:10:55;1.0;1.49;1.0;N;262;75;1;8.5;0.0;0.5;3.54;0.0;0.3;15.34;2.5;
2;2020-05-01 07:01:20;2020-05-01 07:07:27;1.0;0.63;1.0;N;237;140;2;5.5;0.0;0.5;0.0;0.0;0.3;8.8;2.5;
1;2020-05-01 07:01:29;2020-05-01 07:03:44;1.0;0.0;1.0;N;186;186;3;3.5;2.5;0.5;0.0;0.0;0.3;6.8;2.5;
2;2020-05-01 07:01:30;2020-05-01 07:08:20;1.0;2.24;1.0;N;238;48;1;8.5;0.0;0.5;2.95;0.0;0.3;14.75;2.5;
1;2020-05-01 07:01:31;2020-05-01 07:13:24;1.0;2.6;1.0;N;48;79;2;11.0;2.5;0.5;0.0;0.0;0.3;14.3;2.5;
1;2020-05-01 07:01:36;2020-05-01 07:09:32;1.0;1.8;1.0;N;141;170;1;9.0;2.5;0.5;1.0;0.0;0.3;13.3;2.5;
1;2020-05-01 07:01:53;2020-05-01 07:13:37;1.0;4.4;1.0;N;90;75;1;14.0;2.5;0.5;3.0;0.0;0.3;20.3;2.5;
2;2020-05-01 07:02:19;2020-05-01 07:12:24;1.0;2.64;1.0;N;142;75;1;10.5;0.0;0.5;1.38;0.0;0.3;15.18;2.5;
2;2020-05-01 07:02:34;2020-05-01 07:14:42;1.0;4.33;1.0;N;137;75;1;15.5;0.0;0.5;1.0;0.0;0.3;19.8;2.5;
1;2020-05-01 07:02:36;2020-05-01 07:08:22;1.0;1.3;1.0;N;163;239;2;7.0;2.5;0.5;0.0;0.0;0.3;10.3;2.5;
1;2020-05-01 07:02:36;2020-05-01 07:04:10;1.0;0.6;1.0;N;75;74;1;4.0;0.0;0.5;0.95;0.0;0.3;5.75;0.0;
2;2020-05-01 07:02:40;2020-05-01 07:04:52;1.0;0.51;1.0;N;262;75;2;4.0;0.0;0.5;0.0;0.0;0.3;7.3;2.5;
2;2020-05-01 07:03:07;2020-05-01 07:13:04;1.0;2.52;1.0;N;142;90;1;10.0;0.0;0.5;2.66;0.0;0.3;15.96;2.5;
2;2020-05-01 07:03:48;2020-05-01 07:13:55;3.0;2.82;1.0;N;229;75;1;10.5;0.0;0.5;1.0;0.0;0.3;14.8;2.5;
2;2020-05-01 07:03:58;2020-05-01 07:06:16;1.0;0.98;1.0;N;237;236;2;4.5;0.0;0.5;0.0;0.0;0.3;7.8;2.5;
2;2020-05-01 07:04:01;2020-05-01 07:10:23;6.0;0.98;1.0;N;186;137;2;6.5;0.0;0.5;0.0;0.0;0.3;9.8;2.5;
2;2020-05-01 07:04:22;2020-05-01 07:37:50;1.0;6.04;1.0;N;171;242;1;28.5;0.0;0.5;2.75;18.36;0.3;50.41;0.0;
2;2020-05-01 07:04:24;2020-05-01 07:16:34;1.0;3.46;1.0;N;262;137;1;13.5;0.0;0.5;3.36;0.0;0.3;20.16;2.5;
2;2020-05-01 07:04:35;2020-05-01 07:11:36;1.0;2.85;1.0;N;236;100;2;10.0;0.0;0.5;0.0;0.0;0.3;13.3;2.5;
2;2020-05-01 07:04:40;2020-05-01 07:11:25;1.0;2.01;1.0;N;186;158;2;8.0;0.0;0.5;0.0;0.0;0.3;11.3;2.5;
1;2020-05-01 07:04:50;2020-05-01 07:13:00;1.0;3.1;1.0;N;263;137;1;10.0;2.5;0.5;2.0;0.0;0.3;15.3;2.5;
1;2020-05-01 07:04:52;2020-05-01 07:18:40;1.0;3.6;1.0;N;107;48;1;13.5;2.5;0.5;3.0;0.0;0.3;19.8;2.5;
1;2020-05-01 07:05:06;2020-05-01 07:06:32;1.0;0.4;1.0;N;143;143;1;3.5;2.5;0.5;2.0;0.0;0.3;8.8;2.5;
1;2020-05-01 07:05:10;2020-05-01 07:15:00;1.0;2.5;1.0;N;186;239;1;10.0;2.5;0.5;3.3;0.0;0.3;16.6;2.5;
2;2020-05-01 07:05:13;2020-05-01 07:10:24;1.0;2.25;1.0;N;141;75;2;8.0;0.0;0.5;0.0;0.0;0.3;11.3;2.5;
1;2020-05-01 07:05:31;2020-05-01 07:06:00;1.0;0.0;1.0;N;146;146;3;2.5;0.0;0.5;0.0;0.0;0.3;3.3;0.0;
1;2020-05-01 07:05:33;2020-05-01 07:19:12;1.0;3.6;1.0;N;142;74;1;13.5;2.5;0.5;3.35;0.0;0.3;20.15;2.5;
1;2020-05-01 07:05:41;2020-05-01 07:12:55;1.0;0.8;1.0;N;263;140;1;6.5;2.5;0.5;1.96;0.0;0.3;11.76;2.5;
2;2020-05-01 07:05:43;2020-05-01 07:13:38;1.0;1.98;1.0;N;140;75;2;8.5;0.0;0.5;0.0;0.0;0.3;11.8;2.5;
2;2020-05-01 07:05:47;2020-05-01 07:14:27;6.0;2.02;1.0;N;224;162;1;9.0;0.0;0.5;1.84;0.0;0.3;16.09;2.5;
2;2020-05-01 07:05:49;2020-05-01 07:19:55;1.0;2.39;1.0;N;141;48;1;11.5;0.0;0.5;2.96;0.0;0.3;17.76;2.5;
2;2020-05-01 07:05:50;2020-05-01 07:06:13;1.0;0.01;1.0;N;137;137;2;2.5;0.0;0.5;0.0;0.0;0.3;5.8;2.5;
1;2020-05-01 07:06:16;2020-05-01 07:16:26;1.0;1.8;1.0;N;137;48;1;9.0;2.5;0.5;3.65;0.0;0.3;15.95;2.5;
1;2020-05-01 07:06:19;2020-05-01 07:20:24;1.0;7.3;1.0;N;262;87;1;21.5;2.5;0.5;7.4;0.0;0.3;32.2;2.5;
2;2020-05-01 07:06:24;2020-05-01 07:27:00;1.0;9.39;1.0;N;183;136;1;28.5;0.0;0.5;2.75;0.0;0.3;32.05;0.0;
1;2020-05-01 07:06:35;2020-05-01 07:13:03;1.0;1.7;1.0;N;263;162;2;7.5;2.5;0.5;0.0;0.0;0.3;10.8;2.5;
2;2020-05-01 07:06:37;2020-05-01 07:08:58;1.0;1.01;1.0;N;236;75;1;5.0;0.0;0.5;0.0;0.0;0.3;8.3;2.5;
1;2020-05-01 07:07:01;2020-05-01 07:10:50;1.0;0.7;1.0;N;48;164;1;5.0;2.5;0.5;1.0;0.0;0.3;9.3;2.5;
2;2020-05-01 07:07:21;2020-05-01 07:13:32;1.0;1.35;1.0;N;236;140;2;6.5;0.0;0.5;0.0;0.0;0.3;9.8;2.5;
2;2020-05-01 07:07:21;2020-05-01 07:24:32;1.0;9.41;1.0;N;140;182;2;27.0;0.0;0.5;0.0;0.0;0.3;30.3;2.5;
1;2020-05-01 07:07:32;2020-05-01 07:12:22;1.0;2.0;1.0;N;137;141;1;7.5;2.5;0.5;2.15;0.0;0.3;12.95;2.5;
1;2020-05-01 07:07:39;2020-05-01 07:15:58;1.0;1.4;1.0;N;107;164;1;7.5;2.5;0.5;1.0;0.0;0.3;11.8;2.5;
1;2020-05-01 07:07:45;2020-05-01 07:15:27;1.0;1.3;1.0;N;162;141;1;7.0;2.5;0.5;0.01;0.0;0.3;10.31;2.5;
2;2020-05-01 07:07:57;2020-05-01 07:10:02;2.0;0.45;1.0;N;239;239;2;4.0;0.0;0.5;0.0;0.0;0.3;7.3;2.5;
1;2020-05-01 07:08:08;2020-05-01 07:25:11;0.0;2.1;1.0;N;238;140;1;10.0;2.5;0.5;2.0;0.0;0.3;15.3;2.5;
2;2020-05-01 07:08:18;2020-05-01 07:09:53;1.0;0.36;1.0;N;186;164;2;3.5;0.0;0.5;0.0;0.0;0.3;6.8;2.5;
1;2020-05-01 07:08:20;2020-05-01 07:14:19;1.0;1.1;1.0;N;186;161;2;6.5;2.5;0.5;0.0;0.0;0.3;9.8;2.5;
1;2020-05-01 07:08:23;2020-05-01 07:13:20;1.0;1.1;1.0;N;79;232;2;6.0;2.5;0.5;0.0;0.0;0.3;9.3;2.5;
1;2020-05-01 07:08:23;2020-05-01 07:26:42;1.0;5.8;1.0;N;151;113;2;19.0;2.5;0.5;0.0;0.0;0.3;22.3;2.5;
1;2020-05-01 07:08:28;2020-05-01 07:16:56;1.0;1.3;1.0;N;137;100;2;7.5;2.5;0.5;0.0;0.0;0.3;10.8;2.5;
1;2020-05-01 07:08:31;2020-05-01 07:08:43;1.0;0.0;1.0;N;186;186;3;2.5;2.5;0.5;0.0;0.0;0.3;5.8;2.5;
1;2020-05-01 07:08:40;2020-05-01 07:12:25;1.0;0.8;1.0;N;236;236;1;5.0;2.5;0.5;1.25;0.0;0.3;9.55;2.5;
1;2020-05-01 07:09:02;2020-05-01 07:16:50;1.0;1.4;1.0;N;170;68;2;7.5;2.5;0.5;0.0;0.0;0.3;10.8;2.5;
1;2020-05-01 07:09:13;2020-05-01 07:11:42;1.0;0.9;1.0;N;143;48;1;4.5;2.5;0.5;5.02;0.0;0.3;12.82;2.5;
1;2020-05-01 07:09:14;2020-05-01 07:14:49;1.0;0.0;1.0;N;62;49;1;16.33;0.0;0.5;0.0;0.0;0.3;17.13;0.0;
2;2020-05-01 07:09:27;2020-05-01 07:13:50;2.0;1.02;1.0;N;75;236;1;5.5;0.0;0.5;1.0;0.0;0.3;9.8;2.5;
1;2020-05-01 07:09:28;2020-05-01 07:16:42;1.0;1.0;1.0;N;74;75;1;7.0;0.0;0.5;1.2;0.0;0.3;9.0;0.0;
1;2020-05-01 07:09:29;2020-05-01 07:13:28;1.0;0.5;1.0;N;74;74;2;4.5;0.0;0.5;0.0;0.0;0.3;5.3;0.0;
1;2020-05-01 07:09:37;2020-05-01 07:13:49;1.0;0.6;1.0;N;264;264;1;5.0;0.0;0.5;1.15;0.0;0.3;6.95;0.0;
2;2020-05-01 07:09:42;2020-05-01 07:14:06;1.0;1.12;1.0;N;170;163;2;6.0;0.0;0.5;0.0;0.0;0.3;9.3;2.5;
2;2020-05-01 07:09:44;2020-05-01 07:13:26;5.0;0.87;1.0;N;236;141;2;5.0;0.0;0.5;0.0;0.0;0.3;8.3;2.5;
2;2020-05-01 07:09:45;2020-05-01 07:10:17;1.0;0.21;5.0;N;244;244;1;35.0;0.0;0.5;1.0;6.12;0.3;42.92;0.0;
1;2020-05-01 07:09:45;2020-05-01 07:14:40;2.0;1.0;1.0;N;141;236;2;6.0;2.5;0.5;0.0;0.0;0.3;9.3;2.5;
1;2020-05-01 07:10:05;2020-05-01 07:20:36;1.0;3.0;1.0;N;137;263;1;11.0;2.5;0.5;2.85;0.0;0.3;17.15;2.5;
2;2020-05-01 07:10:15;2020-05-01 07:12:14;1.0;0.45;1.0;N;75;75;2;3.5;0.0;0.5;0.0;0.0;0.3;4.3;0.0;
2;2020-05-01 07:10:24;2020-05-01 07:22:39;1.0;2.46;1.0;N;140;137;2;11.5;0.0;0.5;0.0;0.0;0.3;14.8;2.5;
1;2020-05-01 07:10:27;2020-05-01 07:15:17;1.0;1.6;1.0;N;186;48;1;6.5;2.5;0.5;1.95;0.0;0.3;11.75;2.5;
2;2020-05-01 07:10:31;2020-05-01 07:29:39;1.0;7.7;1.0;N;45;193;1;24.0;0.0;0.5;23.0;0.0;0.3;50.3;2.5;
1;2020-05-01 07:10:40;2020-05-01 07:15:46;1.0;0.9;1.0;N;114;158;1;5.5;2.5;0.5;1.75;0.0;0.3;10.55;2.5;
2;2020-05-01 07:10:45;2020-05-01 07:17:58;1.0;2.12;1.0;N;50;238;1;8.5;0.0;0.5;1.5;0.0;0.3;13.3;2.5;
2;2020-05-01 07:10:55;2020-05-01 07:33:13;1.0;7.78;1.0;N;33;140;1;25.0;0.0;0.5;5.66;0.0;0.3;33.96;2.5;
1;2020-05-01 07:10:55;2020-05-01 07:18:11;1.0;1.8;1.0;N;137;232;2;8.0;2.5;0.5;0.0;0.0;0.3;11.3;2.5;
1;2020-05-01 07:10:55;2020-05-01 07:18:51;1.0;2.3;1.0;Y;75;168;2;9.5;0.0;0.5;0.0;0.0;0.3;10.3;0.0;
1;2020-05-01 07:11:11;2020-05-01 07:17:55;1.0;2.4;1.0;N;43;151;2;8.5;2.5;0.5;0.0;0.0;0.3;11.8;2.5;
2;2020-05-01 07:11:19;2020-05-01 07:31:24;1.0;3.56;1.0;N;74;41;2;15.0;0.0;0.5;0.0;0.0;0.3;15.8;0.0;
2;2020-05-01 07:11:24;2020-05-01 07:14:40;1.0;1.17;1.0;N;237;229;1;5.5;0.0;0.5;1.76;0.0;0.3;10.56;2.5;
2;2020-05-01 07:11:30;2020-05-01 07:31:02;1.0;5.61;1.0;N;233;166;1;18.5;0.0;0.5;2.0;0.0;0.3;23.8;2.5;
1;2020-05-01 07:11:43;2020-05-01 07:27:59;0.0;3.9;1.0;N;113;140;3;15.5;2.5;0.5;0.0;0.0;0.3;18.8;2.5;
2;2020-05-01 07:12:10;2020-05-01 07:14:18;1.0;0.78;1.0;N;236;75;1;4.5;0.0;0.5;1.56;0.0;0.3;9.36;2.5;
1;2020-05-01 07:12:20;2020-05-01 07:29:07;1.0;6.3;1.0;N;142;33;1;19.0;2.5;0.5;2.23;0.0;0.3;24.53;2.5;
2;2020-05-01 07:12:28;2020-05-01 07:22:17;1.0;2.4;1.0;N;236;161;1;9.5;0.0;0.5;2.0;0.0;0.3;14.8;2.5;
2;2020-05-01 07:12:39;2020-05-01 07:18:31;1.0;1.05;1.0;N;234;137;2;6.0;0.0;0.5;0.0;0.0;0.3;9.3;2.5;
1;2020-05-01 07:12:42;2020-05-01 07:19:12;1.0;1.6;1.0;N;151;75;1;7.0;1.0;0.5;3.0;0.0;0.3;11.8;0.0;
2;2020-05-01 07:12:50;2020-05-01 07:17:50;1.0;1.4;1.0;N;186;137;1;6.0;0.0;0.5;1.08;0.0;0.3;10.38;2.5;
2;2020-05-01 07:13:00;2020-05-01 07:17:39;6.0;1.06;1.0;N;107;79;2;5.5;0.0;0.5;0.0;0.0;0.3;8.8;2.5;
2;2020-05-01 07:13:11;2020-05-01 07:24:38;1.0;2.75;1.0;N;13;148;1;11.0;0.0;0.5;2.86;0.0;0.3;17.16;2.5;
2;2020-05-01 07:13:12;2020-05-01 07:23:46;2.0;3.56;1.0;N;75;42;1;12.5;0.0;0.5;0.0;0.0;0.3;13.3;0.0;
2;2020-05-01 07:13:31;2020-05-01 07:15:00;1.0;0.51;1.0;N;263;236;1;3.5;0.0;0.5;0.0;0.0;0.3;6.8;2.5;
1;2020-05-01 07:13:32;2020-05-01 07:18:04;1.0;0.9;1.0;N;186;161;1;5.5;2.5;0.5;1.2;0.0;0.3;10.0;2.5;
2;2020-05-01 07:13:43;2020-05-01 07:41:52;1.0;18.55;2.0;N;79;132;1;52.0;0.0;0.5;11.06;0.0;0.3;68.31;2.5;
1;2020-05-01 07:13:49;2020-05-01 07:15:25;1.0;0.6;1.0;N;262;140;1;4.0;2.5;0.5;1.8;0.0;0.3;9.1;2.5;
2;2020-05-01 07:13:55;2020-05-01 07:33:48;1.0;1.66;1.0;N;100;50;2;14.0;0.0;0.5;0.0;0.0;0.3;17.3;2.5;
2;2020-05-01 07:14:04;2020-05-01 07:15:37;1.0;0.41;1.0;N;41;75;2;3.5;0.0;0.5;0.0;0.0;0.3;4.3;0.0;
1;2020-05-01 07:14:09;2020-05-01 07:25:15;0.0;2.2;1.0;N;48;137;1;10.5;2.5;0.5;3.45;0.0;0.3;17.25;2.5;
1;2020-05-01 07:14:10;2020-05-01 07:58:44;1.0;7.8;1.0;N;140;95;1;34.0;2.5;0.5;3.0;0.0;0.3;40.3;2.5;
2;2020-05-01 07:14:22;2020-05-01 07:17:38;2.0;0.59;1.0;N;186;100;2;4.5;0.0;0.5;0.0;0.0;0.3;7.8;2.5;
1;2020-05-01 07:14:23;2020-05-01 07:20:27;1.0;1.0;1.0;N;229;237;1;6.0;2.5;0.5;1.85;0.0;0.3;11.15;2.5;
2;2020-05-01 07:14:24;2020-05-01 07:21:46;5.0;4.58;1.0;N;137;87;1;14.0;0.0;0.5;0.0;0.0;0.3;17.3;2.5;
2;2020-05-01 07:14:34;2020-05-01 07:30:45;1.0;2.87;1.0;N;238;140;1;13.5;0.0;0.5;1.68;0.0;0.3;18.48;2.5;
1;2020-05-01 07:14:34;2020-05-01 07:19:21;1.0;1.7;1.0;N;236;74;1;7.0;2.5;0.5;1.0;0.0;0.3;11.3;2.5;
2;2020-05-01 07:14:34;2020-05-01 07:21:20;1.0;2.26;1.0;N;141;137;1;8.5;0.0;0.5;3.54;0.0;0.3;15.34;2.5;
1;2020-05-01 07:14:35;2020-05-01 07:26:49;1.0;4.9;1.0;N;107;75;1;16.5;2.5;0.5;3.95;0.0;0.3;23.75;2.5;
1;2020-05-01 07:14:41;2020-05-01 07:17:26;0.0;1.3;1.0;N;234;164;1;5.5;2.5;0.5;1.32;0.0;0.3;10.12;2.5;
2;2020-05-01 07:14:57;2020-05-01 07:20:18;1.0;2.5;1.0;N;140;233;1;9.0;0.0;0.5;1.84;0.0;0.3;14.14;2.5;
1;2020-05-01 07:15:00;2020-05-01 07:18:19;1.0;0.7;1.0;N;48;230;1;5.0;2.5;0.5;2.45;0.0;0.3;10.75;2.5;
2;2020-05-01 07:15:02;2020-05-01 07:45:01;1.0;20.37;2.0;N;141;132;1;52.0;0.0;0.5;5.88;6.12;0.3;67.3;2.5;
2;2020-05-01 07:15:07;2020-05-01 07:20:21;1.0;0.92;1.0;N;137;107;2;6.0;0.0;0.5;0.0;0.0;0.3;9.3;2.5;
2;2020-05-01 07:15:18;2020-05-01 07:21:19;3.0;0.81;1.0;N;113;249;2;6.0;0.0;0.5;0.0;0.0;0.3;9.3;2.5;
2;2020-05-01 07:15:30;2020-05-01 07:18:06;1.0;1.0;1.0;N;141;229;1;5.0;0.0;0.5;2.08;0.0;0.3;10.38;2.5;
1;2020-05-01 07:15:40;2020-05-01 07:27:25;1.0;2.7;1.0;N;237;238;1;11.5;2.5;0.5;2.95;0.0;0.3;17.75;2.5;
2;2020-05-01 07:15:49;2020-05-01 07:23:48;1.0;2.71;1.0;N;142;249;1;9.5;0.0;0.5;3.84;0.0;0.3;16.64;2.5;
2;2020-05-01 07:16:24;2020-05-01 07:22:50;1.0;1.78;1.0;N;79;170;1;7.0;0.0;0.5;3.09;0.0;0.3;13.39;2.5;
1;2020-05-01 07:16:24;2020-05-01 07:26:57;1.0;1.6;1.0;N;100;137;1;9.0;2.5;0.5;0.0;0.0;0.3;12.3;2.5;
1;2020-05-01 07:16:27;2020-05-01 07:31:13;1.0;6.9;1.0;N;140;244;1;21.0;2.5;0.5;4.0;0.0;0.3;28.3;2.5;
2;2020-05-01 07:16:42;2020-05-01 07:23:13;1.0;2.29;1.0;N;140;170;1;9.0;0.0;0.5;2.46;0.0;0.3;14.76;2.5;
2;2020-05-01 07:16:57;2020-05-01 07:24:38;1.0;3.28;1.0;N;74;141;1;10.5;0.0;0.5;1.0;0.0;0.3;14.8;2.5;
2;2020-05-01 07:16:58;2020-05-01 07:18:34;1.0;0.0;1.0;N;207;207;2;3.0;0.0;0.5;0.0;0.0;0.3;3.8;0.0;
1;2020-05-01 07:17:00;2020-05-01 07:22:39;1.0;0.0;1.0;N;238;142;1;6.7;2.5;0.5;0.0;0.0;0.3;10.0;2.5;
1;2020-05-01 07:17:01;2020-05-01 07:25:50;1.0;2.8;1.0;N;237;107;1;10.5;2.5;0.5;3.45;0.0;0.3;17.25;2.5;
1;2020-05-01 07:17:02;2020-05-01 07:25:42;1.0;2.2;1.0;N;144;256;2;10.0;2.5;0.5;0.0;0.0;0.3;13.3;2.5;
1;2020-05-01 07:17:02;2020-05-01 07:21:12;1.0;1.7;1.0;N;68;48;2;7.0;2.5;0.5;0.0;0.0;0.3;10.3;2.5;
1;2020-05-01 07:17:07;2020-05-01 07:31:29;1.0;0.0;1.0;N;60;244;1;23.2;0.0;0.5;0.0;0.0;0.3;24.0;0.0;
1;2020-05-01 07:17:20;2020-05-01 07:23:50;1.0;1.4;1.0;N;151;263;4;7.5;0.0;0.5;0.0;0.0;0.3;8.3;0.0;
2;2020-05-01 07:17:25;2020-05-01 07:39:10;1.0;5.46;1.0;N;68;65;1;19.5;0.0;0.5;2.28;0.0;0.3;25.08;2.5;
1;2020-05-01 07:17:28;2020-05-01 07:26:23;1.0;2.4;1.0;N;238;140;1;10.0;2.5;0.5;0.0;0.0;0.3;13.3;2.5;
2;2020-05-01 07:17:30;2020-05-01 07:22:18;1.0;1.35;1.0;N;137;144;2;6.0;0.0;0.5;0.0;0.0;0.3;9.3;2.5;
1;2020-05-01 07:17:31;2020-05-01 07:58:22;2.0;10.2;1.0;N;264;264;2;35.5;0.0;0.5;0.0;0.0;0.3;36.3;0.0;
1;2020-05-01 07:17:31;2020-05-01 07:19:56;1.0;0.6;1.0;N;74;75;4;4.0;0.0;0.5;0.0;0.0;0.3;4.8;0.0;
2;2020-05-01 07:17:34;2020-05-01 07:22:18;1.0;1.09;1.0;N;161;50;2;6.0;0.0;0.5;0.0;0.0;0.3;9.3;2.5;
1;2020-05-01 07:17:34;2020-05-01 07:33:32;1.0;0.0;1.0;N;121;92;1;20.2;0.0;0.5;0.0;0.0;0.3;21.0;0.0;
1;2020-05-01 07:17:56;2020-05-01 07:30:22;1.0;0.0;1.0;N;152;247;1;14.2;0.0;0.5;0.0;0.0;0.3;15.0;0.0;
1;2020-05-01 07:18:11;2020-05-01 07:20:44;1.0;0.8;1.0;N;79;137;1;4.5;2.5;0.5;1.55;0.0;0.3;9.35;2.5;
2;2020-05-01 07:18:17;2020-05-01 07:25:19;1.0;1.81;1.0;N;186;161;2;8.0;0.0;0.5;0.0;0.0;0.3;11.3;2.5;
1;2020-05-01 07:18:18;2020-05-01 07:21:27;1.0;1.4;1.0;N;233;140;1;6.0;2.5;0.5;1.4;0.0;0.3;10.7;2.5;
2;2020-05-01 07:18:33;2020-05-01 07:21:37;1.0;0.73;1.0;N;74;74;2;4.5;0.0;0.5;0.0;0.0;0.3;5.3;0.0;
1;2020-05-01 07:18:36;2020-05-01 07:24:06;1.0;0.7;1.0;N;75;75;1;5.5;0.0;0.5;0.0;0.0;0.3;6.3;0.0;
1;2020-05-01 07:18:37;2020-05-01 07:26:31;1.0;1.9;1.0;N;140;75;1;8.0;2.5;0.5;2.25;0.0;0.3;13.55;2.5;
2;2020-05-01 07:18:39;2020-05-01 07:22:05;6.0;0.95;1.0;N;244;116;2;5.0;0.0;0.5;0.0;0.0;0.3;5.8;0.0;
2;2020-05-01 07:18:56;2020-05-01 07:31:25;1.0;3.78;1.0;N;75;48;1;13.5;0.0;0.5;3.36;0.0;0.3;20.16;2.5;
2;2020-05-01 07:19:06;2020-05-01 07:32:29;1.0;3.46;1.0;N;75;116;1;13.0;0.0;0.5;2.76;0.0;0.3;16.56;0.0;
2;2020-05-01 07:19:46;2020-05-01 07:30:27;1.0;3.65;1.0;N;75;69;1;12.5;0.0;0.5;3.0;0.0;0.3;16.3;0.0;
1;2020-05-01 07:19:49;2020-05-01 07:38:43;1.0;7.6;1.0;N;107;166;1;23.5;2.5;0.5;3.0;0.0;0.3;29.8;2.5;
1;2020-05-01 07:20:00;2020-05-01 07:22:06;1.0;0.5;1.0;N;230;162;1;4.0;2.5;0.5;0.0;0.0;0.3;7.3;2.5;
2;2020-05-01 07:20:21;2020-05-01 07:29:07;1.0;1.87;1.0;N;230;137;1;8.5;0.0;0.5;0.0;0.0;0.3;13.75;2.5;
2;2020-05-01 07:20:31;2020-05-01 07:31:46;1.0;3.52;1.0;N;263;234;1;12.5;0.0;0.5;3.95;0.0;0.3;19.75;2.5;
2;2020-05-01 07:20:49;2020-05-01 07:40:35;1.0;7.23;1.0;N;41;90;1;23.5;0.0;0.5;1.0;0.0;0.3;27.8;2.5;
2;2020-05-01 07:21:11;2020-05-01 07:26:44;1.0;1.56;1.0;N;143;50;1;7.0;0.0;0.5;2.06;0.0;0.3;14.31;2.5;
1;2020-05-01 07:21:26;2020-05-01 07:28:52;1.0;2.3;1.0;N;141;233;1;9.0;2.5;0.5;2.45;0.0;0.3;14.75;2.5;
2;2020-05-01 07:21:30;2020-05-01 07:30:01;1.0;2.65;1.0;N;263;170;1;9.5;0.0;0.5;2.56;0.0;0.3;15.36;2.5;
2;2020-05-01 07:21:33;2020-05-01 07:26:04;1.0;0.82;1.0;N;170;234;1;5.5;0.0;0.5;1.0;0.0;0.3;9.8;2.5;
2;2020-05-01 07:21:39;2020-05-01 07:27:03;1.0;1.56;1.0;N;137;79;1;6.5;0.0;0.5;2.0;0.0;0.3;11.8;2.5;
1;2020-05-01 07:21:39;2020-05-01 07:30:31;1.0;1.6;1.0;N;186;162;2;8.0;2.5;0.5;0.0;0.0;0.3;11.3;2.5;
1;2020-05-01 07:21:41;2020-05-01 07:28:59;1.0;1.7;1.0;N;75;237;2;8.0;2.5;0.5;0.0;0.0;0.3;11.3;2.5;
1;2020-05-01 07:21:44;2020-05-01 07:28:11;1.0;0.6;1.0;N;237;140;1;6.0;2.5;0.5;2.3;0.0;0.3;11.6;2.5;
2;2020-05-01 07:22:25;2020-05-01 07:26:40;1.0;0.44;1.0;N;142;142;2;4.5;0.0;0.5;0.0;0.0;0.3;7.8;2.5;
2;2020-05-01 07:22:29;2020-05-01 07:26:33;1.0;0.79;1.0;N;233;164;1;5.0;0.0;0.5;2.0;0.0;0.3;10.3;2.5;
1;2020-05-01 07:22:34;2020-05-01 07:49:07;1.0;7.5;1.0;N;100;37;2;26.0;2.5;0.5;0.0;0.0;0.3;29.3;2.5;
1;2020-05-01 07:22:40;2020-05-01 07:25:18;1.0;1.0;1.0;N;75;263;1;5.0;2.5;0.5;2.05;0.0;0.3;10.35;2.5;
1;2020-05-01 07:22:51;2020-05-01 07:30:46;1.0;2.3;1.0;N;100;237;1;9.0;2.5;0.5;2.0;0.0;0.3;14.3;2.5;
2;2020-05-01 07:22:58;2020-05-01 07:28:46;1.0;1.26;1.0;N;236;239;2;6.5;0.0;0.5;0.0;0.0;0.3;9.8;2.5;
1;2020-05-01 07:23:02;2020-05-01 07:34:33;0.0;2.4;1.0;N;186;237;2;10.5;2.5;0.5;0.0;0.0;0.3;13.8;2.5;
1;2020-05-01 07:23:26;2020-05-01 07:32:31;1.0;3.1;1.0;N;249;229;2;10.5;2.5;0.5;0.0;0.0;0.3;13.8;2.5;
2;2020-05-01 07:23:35;2020-05-01 07:25:53;1.0;0.93;1.0;N;237;236;1;4.5;0.0;0.5;2.34;0.0;0.3;10.14;2.5;
1;2020-05-01 07:23:35;2020-05-01 07:28:27;1.0;0.7;1.0;N;170;100;2;5.5;2.5;0.5;0.0;0.0;0.3;8.8;2.5;
1;2020-05-01 07:23:47;2020-05-01 07:33:00;1.0;1.5;1.0;N;186;107;2;8.5;2.5;0.5;0.0;0.0;0.3;11.8;2.5;
1;2020-05-01 07:23:55;2020-05-01 07:25:54;1.0;0.7;1.0;N;233;137;1;4.0;2.5;0.5;1.8;0.0;0.3;9.1;2.5;
2;2020-05-01 07:24:01;2020-05-01 07:27:01;1.0;0.78;1.0;N;163;50;1;4.5;0.0;0.5;0.0;0.0;0.3;7.8;2.5;
1;2020-05-01 07:24:11;2020-05-01 07:35:20;2.0;3.7;1.0;N;7;237;1;13.0;2.5;0.5;3.25;0.0;0.3;19.55;2.5;
1;2020-05-01 07:24:12;2020-05-01 07:34:23;1.0;2.9;1.0;N;263;142;1;11.0;2.5;0.5;1.43;0.0;0.3;15.73;2.5;
1;2020-05-01 07:24:15;2020-05-01 07:30:46;1.0;1.3;1.0;N;162;48;1;7.0;2.5;0.5;1.0;0.0;0.3;11.3;2.5;
2;2020-05-01 07:24:17;2020-05-01 07:28:04;1.0;0.3;1.0;N;166;166;2;4.5;0.0;0.5;0.0;0.0;0.3;5.3;0.0;
1;2020-05-01 07:24:19;2020-05-01 07:26:50;1.0;0.4;1.0;N;143;239;1;4.0;2.5;0.5;1.8;0.0;0.3;9.1;2.5;
2;2020-05-01 07:24:22;2020-05-01 07:28:42;5.0;1.39;1.0;N;166;238;1;6.5;0.0;0.5;2.94;0.0;0.3;12.74;2.5;
2;2020-05-01 07:24:22;2020-05-01 07:28:53;5.0;0.63;1.0;N;75;75;1;5.0;0.0;0.5;1.16;0.0;0.3;6.96;0.0;
1;2020-05-01 07:24:23;2020-05-01 07:31:04;1.0;1.3;1.0;N;137;162;1;7.0;2.5;0.5;3.05;0.0;0.3;13.35;2.5;
1;2020-05-01 07:24:38;2020-05-01 07:27:51;1.0;0.8;1.0;N;162;230;2;5.0;2.5;0.5;0.0;0.0;0.3;8.3;2.5;
2;2020-05-01 07:24:55;2020-05-01 07:29:20;2.0;1.12;1.0;N;238;166;2;5.5;0.0;0.5;0.0;0.0;0.3;8.8;2.5;
2;2020-05-01 07:25:03;2020-05-01 07:31:51;3.0;1.27;1.0;N;186;170;2;7.0;0.0;0.5;0.0;0.0;0.3;10.3;2.5;
1;2020-05-01 07:25:07;2020-05-01 07:47:12;1.0;12.7;1.0;N;137;130;2;35.5;2.5;0.5;0.0;6.12;0.3;44.92;2.5;
2;2020-05-01 07:25:09;2020-05-01 07:33:32;2.0;1.23;1.0;N;140;262;1;7.5;0.0;0.5;2.16;0.0;0.3;12.96;2.5;
1;2020-05-01 07:25:11;2020-05-01 07:39:16;1.0;5.5;1.0;N;238;243;1;18.5;2.5;0.5;1.0;0.0;0.3;22.8;2.5;
2;2020-05-01 07:25:20;2020-05-01 07:38:57;2.0;2.22;1.0;N;137;230;1;11.0;0.0;0.5;2.86;0.0;0.3;17.16;2.5;
1;2020-05-01 07:25:22;2020-05-01 07:28:57;1.0;0.8;1.0;N;233;137;1;4.5;2.5;0.5;1.56;0.0;0.3;9.36;2.5;
1;2020-05-01 07:25:31;2020-05-01 07:37:15;1.0;3.8;1.0;N;263;168;1;13.0;2.5;0.5;4.85;0.0;0.3;21.15;2.5;
1;2020-05-01 07:25:37;2020-05-01 07:31:54;1.0;1.5;1.0;N;151;239;1;7.0;2.5;0.5;3.05;0.0;0.3;13.35;2.5;
2;2020-05-01 07:25:43;2020-05-01 07:35:52;6.0;1.84;1.0;N;152;74;2;9.0;0.0;0.5;0.0;0.0;0.3;9.8;0.0;
2;2020-05-01 07:25:44;2020-05-01 07:33:49;1.0;2.02;1.0;N;142;140;1;8.5;0.0;0.5;3.0;0.0;0.3;14.8;2.5;
1;2020-05-01 07:25:51;2020-05-01 07:27:02;1.0;0.5;1.0;N;238;151;2;3.5;0.0;0.5;0.0;0.0;0.3;4.3;0.0;
1;2020-05-01 07:26:19;2020-05-01 07:32:01;1.0;2.3;1.0;N;107;141;2;8.0;2.5;0.5;0.0;0.0;0.3;11.3;2.5;
1;2020-05-01 07:26:30;2020-05-01 07:32:51;1.0;2.2;1.0;N;137;237;1;8.0;2.5;0.5;2.8;0.0;0.3;14.1;2.5;
1;2020-05-01 07:27:23;2020-05-01 07:35:19;1.0;1.6;1.0;N;239;140;1;8.0;2.5;0.5;2.0;0.0;0.3;13.3;2.5;
2;2020-05-01 07:27:30;2020-05-01 07:38:04;2.0;4.26;1.0;N;43;107;1;13.5;0.0;0.5;3.36;0.0;0.3;20.16;2.5;
2;2020-05-01 07:27:33;2020-05-01 07:45:29;3.0;4.97;1.0;N;236;126;2;17.0;0.0;0.5;0.0;0.0;0.3;20.3;2.5;
1;2020-05-01 07:27:34;2020-05-01 07:32:12;1.0;1.7;1.0;N;125;234;1;7.0;2.5;0.5;2.05;0.0;0.3;12.35;2.5;
1;2020-05-01 07:27:40;2020-05-01 07:31:04;1.0;1.2;1.0;N;263;140;2;5.5;2.5;0.5;0.0;0.0;0.3;8.8;2.5;
2;2020-05-01 07:27:44;2020-05-01 07:31:16;1.0;0.99;1.0;N;141;141;1;5.0;0.0;0.5;2.08;0.0;0.3;12.33;2.5;
1;2020-05-01 07:28:36;2020-05-01 07:31:29;1.0;0.9;1.0;N;262;140;1;5.0;2.5;0.5;2.45;0.0;0.3;10.75;2.5;
1;2020-05-01 07:28:41;2020-05-01 07:29:26;1.0;0.0;1.0;N;24;151;3;2.5;2.5;0.5;0.0;0.0;0.3;5.8;0.0;
1;2020-05-01 07:28:46;2020-05-01 07:45:21;1.0;5.1;1.0;N;7;137;2;17.0;2.5;0.5;0.0;0.0;0.3;20.3;2.5;
1;2020-05-01 07:28:56;2020-05-01 07:34:26;1.0;1.1;1.0;N;263;75;1;6.0;2.5;0.5;1.85;0.0;0.3;11.15;2.5;
1;2020-05-01 07:29:01;2020-05-01 07:32:24;1.0;1.3;1.0;N;75;74;1;5.5;0.0;0.5;1.25;0.0;0.3;7.55;0.0;
2;2020-05-01 07:29:15;2020-05-01 07:39:45;1.0;2.18;1.0;N;162;142;1;9.5;0.0;0.5;2.0;0.0;0.3;14.8;2.5;
1;2020-05-01 07:29:23;2020-05-01 07:45:46;1.0;2.7;1.0;N;100;140;2;13.0;2.5;0.5;0.0;0.0;0.3;16.3;2.5;
2;2020-05-01 07:29:37;2020-05-01 07:43:19;2.0;1.99;1.0;N;140;143;1;10.5;0.0;0.5;0.0;0.0;0.3;13.8;2.5;
1;2020-05-01 07:29:41;2020-05-01 07:45:29;1.0;5.0;1.0;N;164;74;1;16.5;2.5;0.5;2.0;0.0;0.3;21.8;2.5;
1;2020-05-01 07:29:47;2020-05-01 07:37:52;1.0;1.2;1.0;N;137;186;1;7.0;2.5;0.5;2.05;0.0;0.3;12.35;2.5;
2;2020-05-01 07:29:49;2020-05-01 07:33:47;2.0;0.74;1.0;N;100;161;1;5.0;0.0;0.5;0.0;0.0;0.3;8.3;2.5;
2;2020-05-01 07:30:08;2020-05-01 07:38:53;1.0;2.22;1.0;N;88;232;1;9.0;0.0;0.5;2.7;0.0;0.3;15.0;2.5;
2;2020-05-01 07:30:14;2020-05-01 07:34:25;1.0;1.14;1.0;N;152;166;1;5.5;0.0;0.5;0.63;0.0;0.3;6.93;0.0;
1;2020-05-01 07:30:14;2020-05-01 07:34:21;1.0;1.2;1.0;N;238;75;2;5.5;0.0;0.5;0.0;0.0;0.3;6.3;0.0;
1;2020-05-01 07:30:20;2020-05-01 07:37:53;1.0;1.5;1.0;N;148;137;1;7.5;2.5;0.5;1.5;0.0;0.3;12.3;2.5;
2;2020-05-01 07:30:36;2020-05-01 07:32:08;1.0;0.34;1.0;N;151;151;1;3.5;0.0;0.5;0.0;0.0;0.3;4.3;0.0;
2;2020-05-01 07:30:47;2020-05-01 07:38:52;1.0;2.1;1.0;N;90;231;2;8.5;0.0;0.5;0.0;0.0;0.3;11.8;2.5;
1;2020-05-01 07:31:05;2020-05-01 07:46:06;1.0;0.0;1.0;N;167;247;1;17.2;0.0;0.5;0.0;0.0;0.3;18.0;0.0;
1;2020-05-01 07:31:06;2020-05-01 07:42:42;1.0;2.1;1.0;N;75;166;1;10.0;2.5;0.5;1.5;0.0;0.3;14.8;2.5;
2;2020-05-01 07:31:10;2020-05-01 07:49:05;1.0;3.69;1.0;N;24;140;1;15.5;0.0;0.5;5.0;0.0;0.3;23.8;2.5;
2;2020-05-01 07:31:19;2020-05-01 07:36:45;1.0;1.13;1.0;N;151;166;1;6.0;0.0;0.5;5.0;0.0;0.3;11.8;0.0;
1;2020-05-01 07:31:21;2020-05-01 07:38:29;1.0;1.4;1.0;N;263;140;1;7.0;2.5;0.5;1.55;0.0;0.3;11.85;2.5;
1;2020-05-01 07:31:42;2020-05-01 07:37:01;1.0;1.0;1.0;N;100;161;1;6.0;2.5;0.5;1.86;0.0;0.3;11.16;2.5;
1;2020-05-01 07:31:46;2020-05-01 07:41:20;1.0;3.6;1.0;N;224;87;1;12.5;2.5;0.5;2.7;0.0;0.3;18.5;2.5;
1;2020-05-01 07:31:56;2020-05-01 07:35:59;1.0;0.5;1.0;Y;41;41;2;5.0;0.0;0.5;0.0;0.0;0.3;5.8;0.0;
2;2020-05-01 07:32:11;2020-05-01 07:41:00;6.0;2.56;1.0;N;100;237;1;9.5;0.0;0.5;1.5;0.0;0.3;14.3;2.5;
1;2020-05-01 07:32:15;2020-05-01 07:38:39;1.0;1.5;1.0;N;100;142;1;7.5;2.5;0.5;2.15;0.0;0.3;12.95;2.5;
2;2020-05-01 07:32:16;2020-05-01 07:38:22;1.0;0.85;1.0;N;263;75;1;6.0;0.0;0.5;0.93;0.0;0.3;10.23;2.5;
2;2020-05-01 07:32:19;2020-05-01 07:35:44;5.0;0.78;1.0;N;75;41;2;5.0;0.0;0.5;0.0;0.0;0.3;5.8;0.0;
2;2020-05-01 07:32:23;2020-05-01 07:38:12;1.0;1.1;1.0;N;75;41;1;6.0;0.0;0.5;1.7;0.0;0.3;8.5;0.0;
1;2020-05-01 07:32:50;2020-05-01 07:39:17;1.0;0.0;1.0;N;163;237;1;6.7;2.5;0.5;2.0;0.0;0.3;12.0;2.5;
1;2020-05-01 07:32:52;2020-05-01 07:40:09;1.0;2.0;1.0;N;79;170;2;8.0;2.5;0.5;0.0;0.0;0.3;11.3;2.5;
1;2020-05-01 07:32:57;2020-05-01 07:44:31;1.0;0.0;1.0;N;42;159;1;14.2;0.0;0.5;0.0;0.0;0.3;15.0;0.0;
2;2020-05-01 07:32:59;2020-05-01 07:49:37;1.0;8.03;1.0;N;48;243;2;24.5;0.0;0.5;0.0;0.0;0.3;27.8;2.5;
1;2020-05-01 07:33:06;2020-05-01 07:42:18;1.0;5.1;1.0;N;13;137;1;15.5;2.5;0.5;3.0;0.0;0.3;21.8;2.5;
1;2020-05-01 07:33:13;2020-05-01 07:36:31;1.0;1.4;1.0;N;170;162;2;5.5;2.5;0.5;0.0;0.0;0.3;8.8;2.5;
1;2020-05-01 07:33:16;2020-05-01 08:15:25;1.0;11.8;1.0;N;100;177;2;40.5;2.5;0.5;0.0;0.0;0.3;43.8;2.5;
1;2020-05-01 07:33:24;2020-05-01 07:34:40;1.0;0.4;1.0;N;238;151;2;3.5;0.0;0.5;0.0;0.0;0.3;4.3;0.0;
2;2020-05-01 07:33:31;2020-05-01 07:37:02;1.0;1.06;1.0;N;151;239;1;5.5;0.0;0.5;1.76;0.0;0.3;10.56;2.5;
2;2020-05-01 07:33:34;2020-05-01 07:35:38;1.0;0.88;1.0;N;262;140;2;4.5;0.0;0.5;0.0;0.0;0.3;7.8;2.5;
2;2020-05-01 07:33:40;2020-05-01 07:46:06;5.0;4.54;1.0;N;238;233;1;15.0;0.0;0.5;3.66;0.0;0.3;23.91;2.5;
1;2020-05-01 07:33:41;2020-05-01 07:39:35;1.0;2.6;1.0;N;140;137;1;9.5;2.5;0.5;2.0;0.0;0.3;14.8;2.5;
1;2020-05-01 07:33:55;2020-05-01 07:38:38;0.0;0.7;1.0;N;140;262;1;5.5;2.5;0.5;2.2;0.0;0.3;11.0;2.5;
2;2020-05-01 07:33:56;2020-05-01 08:00:02;1.0;15.64;1.0;N;132;112;1;43.0;0.0;0.5;2.0;0.0;0.3;45.8;0.0;
1;2020-05-01 07:33:57;2020-05-01 07:41:00;1.0;1.2;1.0;N;229;142;2;7.0;2.5;0.5;0.0;0.0;0.3;10.3;2.5;
1;2020-05-01 07:34:15;2020-05-01 07:36:53;2.0;0.5;1.0;N;237;262;1;4.0;2.5;0.5;1.45;0.0;0.3;8.75;2.5;
2;2020-05-01 07:34:21;2020-05-01 07:43:48;2.0;3.16;1.0;N;170;232;2;11.5;0.0;0.5;0.0;0.0;0.3;14.8;2.5;
1;2020-05-01 07:34:24;2020-05-01 07:45:10;1.0;2.5;1.0;N;100;237;1;10.5;2.5;0.5;2.75;0.0;0.3;16.55;2.5;
1;2020-05-01 07:34:40;2020-05-01 07:39:24;1.0;1.4;1.0;N;186;50;1;6.0;2.5;0.5;0.0;0.0;0.3;9.3;2.5;
1;2020-05-01 07:34:42;2020-05-01 08:15:10;1.0;0.0;1.0;Y;235;87;1;42.2;0.0;0.5;0.0;0.0;0.3;43.0;0.0;
1;2020-05-01 07:34:50;2020-05-01 07:40:08;2.0;0.8;1.0;N;100;161;1;5.5;2.5;0.5;1.75;0.0;0.3;10.55;2.5;
2;2020-05-01 07:34:51;2020-05-01 08:10:13;5.0;20.65;1.0;N;137;165;2;57.0;0.0;0.5;0.0;6.12;0.3;66.42;2.5;
2;2020-05-01 07:34:51;2020-05-01 07:37:32;2.0;0.59;1.0;N;151;238;2;4.0;0.0;0.5;0.0;0.0;0.3;7.3;2.5;
2;2020-05-01 07:34:52;2020-05-01 07:52:34;1.0;2.96;1.0;N;151;262;2;14.0;0.0;0.5;0.0;0.0;0.3;17.3;2.5;
1;2020-05-01 07:34:54;2020-05-01 07:37:44;1.0;0.5;1.0;N;237;141;1;4.0;2.5;0.5;2.9;0.0;0.3;10.2;2.5;
1;2020-05-01 07:34:55;2020-05-01 07:36:40;1.0;0.8;1.0;N;229;141;1;4.5;2.5;0.5;1.0;0.0;0.3;8.8;2.5;
1;2020-05-01 07:35:13;2020-05-01 07:45:41;1.0;2.3;1.0;N;239;68;1;10.0;2.5;0.5;1.75;0.0;0.3;15.05;2.5;
1;2020-05-01 07:35:17;2020-05-01 07:48:12;1.0;3.7;1.0;N;43;74;2;13.5;2.5;0.5;0.0;0.0;0.3;16.8;2.5;
2;2020-05-01 07:35:18;2020-05-01 07:41:26;2.0;3.13;1.0;N;262;137;1;10.5;0.0;0.5;2.76;0.0;0.3;16.56;2.5;
2;2020-05-01 07:35:24;2020-05-01 07:42:16;2.0;1.09;1.0;N;238;41;2;7.0;0.0;0.5;0.0;0.0;0.3;7.8;0.0;
1;2020-05-01 07:35:29;2020-05-01 07:43:33;1.0;3.2;1.0;N;238;161;1;11.0;2.5;0.5;4.25;0.0;0.3;18.55;2.5;
1;2020-05-01 07:35:31;2020-05-01 07:40:17;1.0;1.2;1.0;N;229;237;1;6.0;2.5;0.5;1.85;0.0;0.3;11.15;2.5;
1;2020-05-01 07:35:36;2020-05-01 07:41:24;1.0;1.4;1.0;N;230;50;2;7.0;2.5;0.5;0.0;0.0;0.3;10.3;2.5;
2;2020-05-01 07:35:56;2020-05-01 07:41:02;1.0;1.28;1.0;N;186;161;1;6.0;0.0;0.5;0.0;0.0;0.3;9.3;2.5;
2;2020-05-01 07:35:57;2020-05-01 07:57:19;1.0;7.45;1.0;N;186;168;2;24.5;0.0;0.5;0.0;0.0;0.3;27.8;2.5;
1;2020-05-01 07:36:37;2020-05-01 07:55:22;1.0;4.1;1.0;N;142;114;1;15.5;2.5;0.5;3.75;0.0;0.3;22.55;2.5;
2;2020-05-01 07:36:51;2020-05-01 07:45:01;1.0;1.54;1.0;N;143;238;1;8.0;0.0;0.5;2.82;0.0;0.3;14.12;2.5;
1;2020-05-01 07:37:09;2020-05-01 07:42:22;1.0;1.9;1.0;N;262;141;2;7.0;2.5;0.5;0.0;0.0;0.3;10.3;2.5;
2;2020-05-01 07:37:10;2020-05-01 07:45:47;1.0;2.89;1.0;N;238;246;1;10.5;0.0;0.5;2.76;0.0;0.3;16.56;2.5;
2;2020-05-01 07:37:11;2020-05-01 08:03:07;6.0;6.36;1.0;N;233;83;2;23.5;2.5;0.5;0.0;0.0;0.3;26.8;0.0;
1;2020-05-01 07:37:23;2020-05-01 07:42:01;1.0;1.2;1.0;N;238;143;2;6.0;2.5;0.5;0.0;0.0;0.3;9.3;2.5;
2;2020-05-01 07:37:33;2020-05-01 07:39:04;1.0;0.65;1.0;N;75;236;2;4.0;0.0;0.5;0.0;0.0;0.3;7.3;2.5;
1;2020-05-01 07:37:33;2020-05-01 07:39:16;1.0;0.7;1.0;N;236;75;1;4.0;2.5;0.5;1.8;0.0;0.3;9.1;2.5;
1;2020-05-01 07:37:35;2020-05-01 07:46:57;1.0;2.4;1.0;N;162;236;2;10.0;2.5;0.5;0.0;0.0;0.3;13.3;2.5;
1;2020-05-01 07:37:42;2020-05-01 07:43:58;1.0;1.4;1.0;N;262;140;1;7.0;2.5;0.5;2.05;0.0;0.3;12.35;2.5;
1;2020-05-01 07:37:46;2020-05-01 07:40:13;1.0;1.0;1.0;N;170;229;1;4.5;2.5;0.5;10.0;0.0;0.3;17.8;2.5;
1;2020-05-01 07:37:54;2020-05-01 07:52:50;1.0;3.1;1.0;N;140;234;1;13.5;2.5;0.5;2.0;0.0;0.3;18.8;2.5;
1;2020-05-01 07:38:04;2020-05-01 07:48:16;1.0;1.7;1.0;N;137;68;2;9.0;2.5;0.5;0.0;0.0;0.3;12.3;2.5;
2;2020-05-01 07:38:10;2020-05-01 07:49:09;1.0;3.75;1.0;N;238;186;1;12.0;0.0;0.5;3.06;0.0;0.3;18.36;2.5;
1;2020-05-01 07:38:19;2020-05-01 07:44:05;1.0;2.8;1.0;N;43;170;1;9.5;2.5;0.5;2.55;0.0;0.3;15.35;2.5;
2;2020-05-01 07:38:26;2020-05-01 07:43:51;1.0;0.9;1.0;N;244;244;2;5.0;0.0;0.5;0.0;0.0;0.3;5.8;0.0;
2;2020-05-01 07:38:31;2020-05-01 07:48:22;1.0;2.12;1.0;N;230;137;1;9.0;0.0;0.5;2.46;0.0;0.3;14.76;2.5;
2;2020-05-01 07:38:34;2020-05-01 07:44:20;6.0;1.61;1.0;N;74;236;2;6.5;0.0;0.5;0.0;0.0;0.3;9.8;2.5;
2;2020-05-01 07:38:36;2020-05-01 07:47:27;2.0;0.57;1.0;N;242;242;2;7.0;0.0;0.5;0.0;0.0;0.3;7.8;0.0;
1;2020-05-01 07:38:54;2020-05-01 07:42:08;1.0;0.8;1.0;N;264;100;1;4.5;2.5;0.5;1.55;0.0;0.3;9.35;2.5;
2;2020-05-01 07:39:10;2020-05-01 07:51:19;6.0;3.37;1.0;N;186;87;1;12.0;0.0;0.5;3.82;0.0;0.3;19.12;2.5;
1;2020-05-01 07:39:14;2020-05-01 07:54:02;1.0;5.2;1.0;N;151;186;1;17.5;2.5;0.5;3.0;0.0;0.3;23.8;2.5;
2;2020-05-01 07:39:17;2020-05-01 07:43:11;1.0;1.23;1.0;N;75;74;2;5.5;0.0;0.5;0.0;0.0;0.3;6.3;0.0;
1;2020-05-01 07:39:23;2020-05-01 07:51:05;1.0;3.1;1.0;N;234;140;1;11.5;2.5;0.5;2.95;0.0;0.3;17.75;2.5;
2;2020-05-01 07:39:24;2020-05-01 08:03:16;1.0;8.46;1.0;N;82;75;1;27.0;0.0;0.5;3.39;6.12;0.3;37.31;0.0;
1;2020-05-01 07:39:26;2020-05-01 07:42:19;1.0;0.9;1.0;N;42;42;2;5.0;0.0;0.5;0.0;0.0;0.3;5.8;0.0;
2;2020-05-01 07:39:30;2020-05-01 07:51:07;1.0;3.28;1.0;N;238;100;1;12.0;0.0;0.5;3.06;0.0;0.3;18.36;2.5;
1;2020-05-01 07:39:44;2020-05-01 07:56:17;1.0;4.2;1.0;N;238;137;1;15.0;2.5;0.5;4.55;0.0;0.3;22.85;2.5;
2;2020-05-01 07:39:54;2020-05-01 07:44:34;1.0;0.74;1.0;N;238;151;2;5.5;0.0;0.5;0.0;0.0;0.3;8.8;2.5;
1;2020-05-01 07:39:57;2020-05-01 07:43:40;1.0;1.6;1.0;N;107;233;1;6.5;2.5;0.5;1.95;0.0;0.3;11.75;2.5;
1;2020-05-01 07:40:01;2020-05-01 07:43:03;1.0;0.6;1.0;N;100;230;1;4.5;2.5;0.5;1.0;0.0;0.3;8.8;2.5;
1;2020-05-01 07:40:04;2020-05-01 07:48:24;1.0;2.0;1.0;N;141;48;2;8.5;2.5;0.5;0.0;0.0;0.3;11.8;2.5;
1;2020-05-01 07:40:11;2020-05-01 07:42:43;0.0;0.4;1.0;N;107;137;1;4.0;2.5;0.5;0.5;0.0;0.3;7.8;2.5;
1;2020-05-01 07:40:27;2020-05-01 07:50:07;1.0;1.5;1.0;N;24;41;1;8.5;0.0;0.5;6.0;0.0;0.3;15.3;0.0;
2;2020-05-01 07:40:42;2020-05-01 07:56:14;1.0;2.2;1.0;N;24;74;2;12.0;0.0;0.5;0.0;0.0;0.3;12.8;0.0;
1;2020-05-01 07:40:42;2020-05-01 07:47:05;1.0;1.8;1.0;N;239;230;1;7.5;2.5;0.5;2.7;0.0;0.3;13.5;2.5;
2;2020-05-01 07:40:44;2020-05-01 07:53:00;1.0;1.88;1.0;N;162;140;2;10.0;0.0;0.5;0.0;0.0;0.3;13.3;2.5;
1;2020-05-01 07:40:50;2020-05-01 07:49:43;1.0;1.5;1.0;N;263;140;2;8.0;2.5;0.5;0.0;0.0;0.3;11.3;2.5;
2;2020-05-01 07:41:03;2020-05-01 07:58:20;1.0;2.39;1.0;N;107;107;1;13.5;0.0;0.5;3.36;0.0;0.3;20.16;2.5;
2;2020-05-01 07:41:39;2020-05-01 07:49:09;1.0;2.08;1.0;N;238;230;1;8.5;0.0;0.5;1.7;0.0;0.3;13.5;2.5;
1;2020-05-01 07:41:43;2020-05-01 08:02:42;1.0;13.7;1.0;N;132;155;1;37.5;0.0;0.5;8.0;0.0;0.3;46.3;0.0;
2;2020-05-01 07:41:53;2020-05-01 07:45:14;1.0;1.06;1.0;N;238;239;1;5.0;0.0;0.5;1.0;0.0;0.3;9.3;2.5;
2;2020-05-01 07:41:54;2020-05-01 07:47:58;1.0;1.47;1.0;N;263;140;1;7.0;0.0;0.5;2.06;0.0;0.3;12.36;2.5;
1;2020-05-01 07:42:02;2020-05-01 07:46:49;1.0;1.4;1.0;N;186;161;1;6.5;2.5;0.5;2.2;0.0;0.3;12.0;2.5;
1;2020-05-01 07:42:11;2020-05-01 07:52:03;0.0;2.0;1.0;N;79;170;3;9.5;2.5;0.5;0.0;0.0;0.3;12.8;2.5;
1;2020-05-01 07:42:12;2020-05-01 07:56:18;1.0;5.0;1.0;N;107;151;1;16.0;2.5;0.5;2.0;0.0;0.3;21.3;2.5;
1;2020-05-01 07:42:14;2020-05-01 07:51:11;1.0;1.7;1.0;N;231;79;2;8.0;2.5;0.5;0.0;0.0;0.3;11.3;2.5;
2;2020-05-01 07:42:15;2020-05-01 07:42:34;2.0;0.0;2.0;Y;132;140;1;52.0;0.0;0.5;8.0;0.0;0.3;60.8;0.0;
2;2020-05-01 07:42:16;2020-05-01 07:49:04;1.0;1.38;1.0;N;140;229;2;7.0;0.0;0.5;0.0;0.0;0.3;10.3;2.5;
1;2020-05-01 07:42:18;2020-05-01 07:47:11;2.0;0.7;1.0;N;100;164;2;5.5;2.5;0.5;0.0;0.0;0.3;8.8;2.5;
1;2020-05-01 07:42:29;2020-05-01 07:47:07;1.0;1.3;1.0;N;142;186;1;6.5;2.5;0.5;0.0;0.0;0.3;9.8;2.5;
1;2020-05-01 07:42:32;2020-05-01 07:52:42;1.0;2.6;1.0;N;166;75;1;10.5;0.0;0.5;2.25;0.0;0.3;13.55;0.0;
1;2020-05-01 07:42:41;2020-05-01 07:47:07;1.0;1.0;1.0;N;263;236;1;5.5;2.5;0.5;1.75;0.0;0.3;10.55;2.5;
2;2020-05-01 07:42:42;2020-05-01 07:48:15;5.0;1.48;1.0;N;237;161;1;7.0;0.0;0.5;1.0;0.0;0.3;11.3;2.5;
2;2020-05-01 07:43:02;2020-05-01 07:50:54;1.0;3.65;1.0;N;137;75;1;12.0;0.0;0.5;3.06;0.0;0.3;18.36;2.5;
1;2020-05-01 07:43:07;2020-05-01 07:46:09;1.0;0.9;1.0;N;100;50;2;4.5;2.5;0.5;0.0;0.0;0.3;7.8;2.5;
2;2020-05-01 07:43:10;2020-05-01 08:32:23;1.0;34.89;1.0;N;136;154;1;92.0;0.0;0.5;2.75;6.12;0.3;101.67;0.0;
1;2020-05-01 07:43:11;2020-05-01 07:48:58;1.0;1.8;1.0;N;75;74;1;7.5;0.0;0.5;1.66;0.0;0.3;9.96;0.0;
1;2020-05-01 07:43:26;2020-05-01 07:47:55;1.0;2.2;1.0;N;262;233;1;8.5;2.5;0.5;4.0;0.0;0.3;15.8;2.5;
2;2020-05-01 07:43:27;2020-05-01 07:51:44;2.0;1.86;1.0;N;140;75;1;8.5;0.0;0.5;2.36;0.0;0.3;14.16;2.5;
2;2020-05-01 07:43:44;2020-05-01 07:55:07;1.0;3.93;1.0;N;79;140;1;12.5;0.0;0.5;4.74;0.0;0.3;20.54;2.5;
1;2020-05-01 07:43:44;2020-05-01 07:51:16;1.0;0.9;1.0;N;162;233;1;7.0;2.5;0.5;0.0;0.0;0.3;10.3;2.5;
1;2020-05-01 07:43:47;2020-05-01 07:48:03;1.0;0.6;1.0;N;236;236;2;5.0;2.5;0.5;0.0;0.0;0.3;8.3;2.5;
1;2020-05-01 07:43:50;2020-05-01 07:45:56;1.0;0.5;1.0;N;100;48;2;4.0;2.5;0.5;0.0;0.0;0.3;7.3;2.5;
1;2020-05-01 07:43:54;2020-05-01 07:54:21;1.0;3.1;1.0;N;263;137;1;11.0;2.5;0.5;2.85;0.0;0.3;17.15;2.5;
2;2020-05-01 07:44:02;2020-05-01 07:47:40;1.0;0.77;1.0;N;37;80;2;5.0;0.0;0.5;0.0;0.0;0.3;5.8;0.0;
2;2020-05-01 07:44:06;2020-05-01 07:54:06;2.0;1.54;1.0;N;151;74;2;9.0;0.0;0.5;0.0;0.0;0.3;9.8;0.0;
1;2020-05-01 07:44:06;2020-05-01 08:02:08;0.0;9.6;1.0;N;262;25;1;28.0;2.5;0.5;2.0;0.0;0.3;33.3;2.5;
2;2020-05-01 07:44:12;2020-05-01 07:49:54;1.0;1.18;1.0;N;263;140;1;6.5;0.0;0.5;1.96;0.0;0.3;11.76;2.5;
2;2020-05-01 07:44:17;2020-05-01 07:49:51;2.0;0.85;1.0;N;140;140;2;6.0;0.0;0.5;0.0;0.0;0.3;9.3;2.5;
2;2020-05-01 07:44:21;2020-05-01 07:51:37;1.0;2.2;1.0;N;75;42;2;8.5;0.0;0.5;0.0;0.0;0.3;9.3;0.0;
1;2020-05-01 07:44:21;2020-05-01 07:47:32;1.0;1.3;1.0;N;263;75;2;5.5;2.5;0.5;0.0;0.0;0.3;8.8;2.5;
1;2020-05-01 07:44:39;2020-05-01 07:53:21;0.0;1.2;1.0;N;186;137;2;7.5;2.5;0.5;0.0;0.0;0.3;10.8;2.5;
1;2020-05-01 07:44:41;2020-05-01 08:05:05;1.0;7.9;1.0;N;42;90;2;25.0;2.5;0.5;0.0;0.0;0.3;28.3;2.5;
1;2020-05-01 07:44:46;2020-05-01 07:54:36;1.0;2.6;1.0;N;230;236;1;10.0;2.5;0.5;2.0;0.0;0.3;15.3;2.5;
1;2020-05-01 07:44:49;2020-05-01 07:45:50;1.0;0.0;1.0;N;42;42;4;3.0;0.0;0.5;0.0;0.0;0.3;3.8;0.0;
1;2020-05-01 07:44:52;2020-05-01 07:50:06;0.0;1.2;1.0;N;48;142;2;6.5;2.5;0.5;0.0;0.0;0.3;9.8;2.5;
2;2020-05-01 07:45:01;2020-05-01 07:50:09;1.0;1.3;1.0;N;263;140;1;6.0;0.0;0.5;1.86;0.0;0.3;11.16;2.5;
1;2020-05-01 07:45:03;2020-05-01 07:58:03;1.0;3.9;1.0;N;264;87;1;13.0;2.5;0.5;0.0;0.0;0.3;16.3;2.5;
2;2020-05-01 07:45:07;2020-05-01 07:56:13;1.0;4.78;1.0;N;238;233;1;15.5;0.0;0.5;3.76;0.0;0.3;24.51;2.5;
2;2020-05-01 07:45:08;2020-05-01 07:49:33;2.0;1.22;1.0;N;151;239;2;6.0;0.0;0.5;0.0;0.0;0.3;9.3;2.5;
2;2020-05-01 07:45:17;2020-05-01 08:10:58;1.0;17.38;2.0;N;238;132;1;52.0;0.0;0.5;13.2;0.0;0.3;66.0;0.0;
2;2020-05-01 07:45:24;2020-05-01 07:54:12;1.0;2.34;1.0;N;142;233;1;9.5;0.0;0.5;2.2;0.0;0.3;15.0;2.5;
2;2020-05-01 07:45:32;2020-05-01 07:52:09;1.0;1.3;1.0;N;75;238;1;7.0;0.0;0.5;1.0;0.0;0.3;8.8;0.0;
1;2020-05-01 07:45:36;2020-05-01 07:53:11;1.0;1.9;1.0;N;186;163;1;8.0;2.5;0.5;1.0;0.0;0.3;12.3;2.5;
2;2020-05-01 07:45:38;2020-05-01 07:54:30;1.0;2.65;1.0;N;107;140;2;9.5;0.0;0.5;0.0;0.0;0.3;12.8;2.5;
1;2020-05-01 07:45:56;2020-05-01 07:55:42;1.0;2.8;1.0;N;263;142;1;10.5;2.5;0.5;1.38;0.0;0.3;15.18;2.5;
1;2020-05-01 07:45:59;2020-05-01 07:52:44;1.0;2.2;1.0;N;140;137;1;8.0;2.5;0.5;2.25;0.0;0.3;13.55;2.5;
2;2020-05-01 07:46:00;2020-05-01 07:59:35;1.0;2.34;1.0;N;170;140;1;11.5;0.0;0.5;2.96;0.0;0.3;19.71;2.5;
2;2020-05-01 07:46:12;2020-05-01 08:01:50;1.0;4.23;1.0;N;162;87;1;15.0;0.0;0.5;3.66;0.0;0.3;21.96;2.5;
1;2020-05-01 07:46:19;2020-05-01 07:58:25;1.0;4.3;1.0;N;239;158;1;14.5;2.5;0.5;3.55;0.0;0.3;21.35;2.5;
1;2020-05-01 07:46:26;2020-05-01 08:02:55;1.0;3.5;1.0;N;140;145;1;14.5;2.5;0.5;3.55;0.0;0.3;21.35;2.5;
2;2020-05-01 07:46:34;2020-05-01 07:57:53;1.0;2.75;1.0;N;239;140;1;10.5;0.0;0.5;2.76;0.0;0.3;16.56;2.5;
2;2020-05-01 07:46:35;2020-05-01 07:53:06;1.0;2.19;1.0;N;141;107;1;8.0;0.0;0.5;3.0;0.0;0.3;14.3;2.5;
1;2020-05-01 07:46:45;2020-05-01 07:52:26;1.0;2.2;1.0;N;230;249;2;8.0;2.5;0.5;0.0;0.0;0.3;11.3;2.5;
2;2020-05-01 07:47:02;2020-05-01 07:51:34;1.0;0.84;1.0;N;233;162;1;5.0;0.0;0.5;0.0;0.0;0.3;8.3;2.5;
1;2020-05-01 07:47:10;2020-05-01 07:59:56;1.0;2.6;1.0;N;107;230;1;11.0;2.5;0.5;2.85;0.0;0.3;17.15;2.5;
2;2020-05-01 07:47:19;2020-05-01 07:51:23;2.0;0.23;1.0;N;142;142;2;4.0;0.0;0.5;0.0;0.0;0.3;7.3;2.5;
1;2020-05-01 07:47:29;2020-05-01 07:53:07;2.0;2.1;1.0;N;229;79;1;7.5;2.5;0.5;2.15;0.0;0.3;12.95;2.5;
1;2020-05-01 07:47:29;2020-05-01 07:49:57;1.0;0.4;1.0;N;100;68;2;3.5;2.5;0.5;0.0;0.0;0.3;6.8;2.5;
1;2020-05-01 07:47:30;2020-05-01 08:20:51;1.0;0.0;1.0;N;72;112;1;29.2;0.0;0.5;0.0;0.0;0.3;30.0;0.0;
2;2020-05-01 07:47:30;2020-05-01 07:49:17;1.0;0.76;1.0;N;137;107;1;4.0;0.0;0.5;1.46;0.0;0.3;8.76;2.5;
2;2020-05-01 07:47:40;2020-05-01 08:04:14;5.0;4.19;1.0;N;42;235;2;15.0;0.0;0.5;0.0;0.0;0.3;15.8;0.0;
2;2020-05-01 07:47:50;2020-05-01 08:01:49;1.0;6.87;1.0;N;141;244;1;20.0;0.0;0.5;5.83;0.0;0.3;29.13;2.5;
2;2020-05-01 07:47:50;2020-05-01 08:49:48;1.0;21.29;1.0;N;242;265;1;70.0;0.0;0.5;2.75;18.36;0.3;91.91;0.0;
1;2020-05-01 07:47:59;2020-05-01 07:59:36;1.0;5.5;1.0;N;143;244;1;17.5;2.5;0.5;4.0;0.0;0.3;24.8;2.5;
1;2020-05-01 07:48:02;2020-05-01 08:00:24;1.0;5.9;1.0;N;263;243;1;18.0;0.0;0.5;2.82;0.0;0.3;21.62;0.0;
1;2020-05-01 07:48:10;2020-05-01 07:56:57;1.0;2.6;1.0;N;142;75;1;9.5;2.5;0.5;1.0;0.0;0.3;13.8;2.5;
1;2020-05-01 07:48:11;2020-05-01 08:01:49;1.0;0.0;1.0;N;237;244;1;20.7;2.5;0.5;0.0;0.0;0.3;24.0;2.5;
2;2020-05-01 07:48:12;2020-05-01 07:49:26;1.0;0.51;1.0;N;141;141;1;3.5;0.0;0.5;1.7;0.0;0.3;8.5;2.5;
2;2020-05-01 07:48:14;2020-05-01 08:17:21;1.0;18.81;2.0;N;132;74;1;52.0;0.0;0.5;0.0;6.12;0.3;58.92;0.0;
2;2020-05-01 07:48:19;2020-05-01 07:53:48;1.0;1.14;1.0;N;186;107;1;6.0;0.0;0.5;2.32;0.0;0.3;11.62;2.5;
1;2020-05-01 07:48:20;2020-05-01 07:51:08;1.0;0.5;1.0;N;74;75;2;3.5;0.0;0.5;0.0;0.0;0.3;4.3;0.0;
1;2020-05-01 07:48:26;2020-05-01 07:49:48;1.0;0.6;1.0;N;186;230;1;4.0;2.5;0.5;2.15;0.0;0.3;9.45;2.5;
2;2020-05-01 07:48:27;2020-05-01 07:59:23;1.0;1.89;1.0;N;24;74;1;10.0;0.0;0.5;1.0;0.0;0.3;11.8;0.0;
1;2020-05-01 07:48:27;2020-05-01 07:57:47;1.0;1.1;1.0;N;186;137;1;8.0;2.5;0.5;2.8;0.0;0.3;14.1;2.5;
1;2020-05-01 07:48:27;2020-05-01 08:02:36;1.0;7.8;1.0;N;238;45;2;23.5;2.5;0.5;0.0;0.0;0.3;26.8;2.5;
2;2020-05-01 07:48:29;2020-05-01 08:00:50;2.0;4.78;1.0;N;148;140;2;16.0;0.0;0.5;0.0;0.0;0.3;19.3;2.5;
2;2020-05-01 07:48:30;2020-05-01 08:01:17;1.0;7.45;1.0;N;132;76;2;21.5;0.0;0.5;0.0;0.0;0.3;22.3;0.0;
2;2020-05-01 07:48:33;2020-05-01 08:16:23;1.0;20.47;1.0;N;132;174;1;54.0;0.0;0.5;12.18;6.12;0.3;73.1;0.0;
1;2020-05-01 07:48:41;2020-05-01 07:57:02;1.0;1.6;1.0;N;162;140;2;8.0;2.5;0.5;0.0;0.0;0.3;11.3;2.5;
1;2020-05-01 07:48:48;2020-05-01 08:04:24;1.0;3.7;1.0;N;236;234;1;14.5;3.5;0.5;3.75;0.0;0.3;22.55;2.5;
2;2020-05-01 07:48:50;2020-05-01 08:06:17;1.0;3.69;1.0;N;239;137;2;15.0;0.0;0.5;0.0;0.0;0.3;18.3;2.5;
1;2020-05-01 07:48:54;2020-05-01 07:58:57;1.0;1.5;1.0;N;142;140;1;8.5;2.5;0.5;2.35;0.0;0.3;14.15;2.5;
1;2020-05-01 07:49:12;2020-05-01 08:00:56;1.0;3.8;1.0;N;246;75;1;13.5;2.5;0.5;2.52;0.0;0.3;19.32;2.5;
2;2020-05-01 07:49:15;2020-05-01 07:56:45;2.0;2.46;1.0;N;137;140;1;9.0;0.0;0.5;1.0;0.0;0.3;13.3;2.5;
1;2020-05-01 07:49:22;2020-05-01 07:55:08;1.0;1.1;1.0;N;170;230;1;6.0;2.5;0.5;2.79;0.0;0.3;12.09;2.5;
1;2020-05-01 07:49:28;2020-05-01 07:54:43;1.0;1.3;1.0;N;164;113;1;6.5;2.5;0.5;1.95;0.0;0.3;11.75;2.5;
2;2020-05-01 07:49:32;2020-05-01 07:55:16;1.0;2.11;1.0;N;137;141;1;7.5;0.0;0.5;2.16;0.0;0.3;12.96;2.5;
2;2020-05-01 07:49:34;2020-05-01 07:56:54;1.0;1.54;1.0;N;186;107;1;7.5;0.0;0.5;2.16;0.0;0.3;12.96;2.5;
1;2020-05-01 07:49:41;2020-05-01 07:54:36;1.0;0.9;1.0;N;262;236;1;6.0;2.5;0.5;1.85;0.0;0.3;11.15;2.5;
1;2020-05-01 07:49:41;2020-05-01 07:55:57;1.0;1.0;1.0;N;162;137;2;6.5;2.5;0.5;0.0;0.0;0.3;9.8;2.5;
2;2020-05-01 07:49:42;2020-05-01 07:55:18;1.0;0.94;1.0;N;263;75;1;6.0;0.0;0.5;1.86;0.0;0.3;11.16;2.5;
1;2020-05-01 07:49:45;2020-05-01 07:55:51;1.0;0.6;1.0;N;41;166;1;6.0;0.0;0.5;0.0;0.0;0.3;6.8;0.0;
2;2020-05-01 07:49:47;2020-05-01 07:55:48;1.0;2.13;1.0;N;41;238;2;8.0;0.0;0.5;0.0;0.0;0.3;8.8;0.0;
1;2020-05-01 07:49:50;2020-05-01 07:51:09;1.0;0.1;1.0;Y;74;74;2;3.0;0.0;0.5;0.0;0.0;0.3;3.8;0.0;
2;2020-05-01 07:49:51;2020-05-01 08:03:51;1.0;2.64;1.0;N;238;42;2;12.5;0.0;0.5;0.0;0.0;0.3;15.8;2.5;
1;2020-05-01 07:49:55;2020-05-01 07:54:01;1.0;0.6;1.0;N;141;237;2;5.0;2.5;0.5;0.0;0.0;0.3;8.3;2.5;
2;2020-05-01 07:50:02;2020-05-01 08:14:21;1.0;8.47;5.0;N;85;29;1;37.03;0.0;0.5;0.0;0.0;0.3;37.83;0.0;
1;2020-05-01 07:50:03;2020-05-01 08:03:46;1.0;2.9;1.0;N;107;140;1;12.0;2.5;0.5;3.05;0.0;0.3;18.35;2.5;
2;2020-05-01 07:50:33;2020-05-01 07:59:51;1.0;3.98;1.0;N;263;141;1;12.0;0.0;0.5;4.59;0.0;0.3;19.89;2.5;
1;2020-05-01 07:50:44;2020-05-01 07:56:58;1.0;1.5;1.0;N;100;234;1;7.0;2.5;0.5;2.05;0.0;0.3;12.35;2.5;
2;2020-05-01 07:50:58;2020-05-01 08:20:42;6.0;5.46;1.0;N;239;249;2;23.0;0.0;0.5;0.0;0.0;0.3;26.3;2.5;
2;2020-05-01 07:51:10;2020-05-01 08:05:37;5.0;3.2;1.0;N;239;42;1;13.0;0.0;0.5;4.89;0.0;0.3;21.19;2.5;
1;2020-05-01 07:51:16;2020-05-01 08:06:58;1.0;4.2;1.0;N;75;116;2;15.5;0.0;0.5;0.0;0.0;0.3;16.3;0.0;
1;2020-05-01 07:51:25;2020-05-01 07:56:39;1.0;1.6;1.0;N;186;50;1;7.0;2.5;0.5;2.05;0.0;0.3;12.35;2.5;
2;2020-05-01 07:51:28;2020-05-01 07:57:48;1.0;1.13;1.0;N;116;42;2;6.5;0.0;0.5;0.0;0.0;0.3;7.3;0.0;
1;2020-05-01 07:51:35;2020-05-01 07:58:06;1.0;0.7;1.0;N;74;75;2;6.0;0.0;0.5;0.0;0.0;0.3;6.8;0.0;
1;2020-05-01 07:51:42;2020-05-01 07:59:29;1.0;1.8;1.0;N;239;236;1;8.5;2.5;0.5;2.35;0.0;0.3;14.15;2.5;
2;2020-05-01 07:51:51;2020-05-01 07:55:20;1.0;1.07;1.0;N;166;151;2;5.5;0.0;0.5;0.0;0.0;0.3;6.3;0.0;
2;2020-05-01 07:51:52;2020-05-01 08:00:34;1.0;2.93;1.0;N;79;140;1;10.0;0.0;0.5;2.66;0.0;0.3;15.96;2.5;
2;2020-05-01 07:52:16;2020-05-01 07:57:30;1.0;2.01;1.0;N;48;238;1;7.5;0.0;0.5;4.0;0.0;0.3;14.8;2.5;
1;2020-05-01 07:52:16;2020-05-01 08:07:46;1.0;0.0;1.0;N;174;78;1;22.2;0.0;0.5;0.0;0.0;0.3;23.0;0.0;
2;2020-05-01 07:52:18;2020-05-01 07:53:04;1.0;0.08;1.0;N;148;79;3;-2.5;0.0;-0.5;0.0;0.0;-0.3;-5.8;-2.5;
2;2020-05-01 07:52:18;2020-05-01 07:53:04;1.0;0.08;1.0;N;148;79;2;2.5;0.0;0.5;0.0;0.0;0.3;5.8;2.5;
2;2020-05-01 07:52:23;2020-05-01 07:55:58;1.0;0.79;1.0;N;152;166;2;5.0;0.0;0.5;0.0;0.0;0.3;5.8;0.0;
2;2020-05-01 07:52:34;2020-05-01 07:57:05;5.0;0.97;1.0;N;161;100;1;5.5;0.0;0.5;1.76;0.0;0.3;10.56;2.5;
2;2020-05-01 07:52:35;2020-05-01 07:53:17;1.0;0.07;1.0;N;42;42;2;2.5;0.0;0.5;0.0;0.0;0.3;3.3;0.0;
1;2020-05-01 07:52:37;2020-05-01 07:57:55;1.0;1.3;1.0;N;162;237;2;6.5;2.5;0.5;0.0;0.0;0.3;9.8;2.5;
1;2020-05-01 07:53:02;2020-05-01 07:59:13;1.0;2.0;1.0;N;75;141;4;7.5;2.5;0.5;0.0;0.0;0.3;10.8;2.5;
1;2020-05-01 07:53:03;2020-05-01 07:58:11;1.0;1.4;1.0;N;75;238;2;6.5;2.5;0.5;0.0;0.0;0.3;9.8;2.5;
1;2020-05-01 07:53:06;2020-05-01 08:15:13;0.0;2.2;1.0;N;238;75;2;13.5;0.0;0.5;0.0;0.0;0.3;14.3;0.0;
2;2020-05-01 07:53:28;2020-05-01 08:00:50;1.0;1.06;1.0;N;43;161;1;6.5;0.0;0.5;1.0;0.0;0.3;10.8;2.5;
2;2020-05-01 07:53:30;2020-05-01 08:04:12;2.0;2.44;1.0;N;140;163;1;10.5;0.0;0.5;3.45;0.0;0.3;17.25;2.5;
1;2020-05-01 07:53:35;2020-05-01 07:55:20;1.0;0.7;1.0;N;263;141;1;4.0;2.5;0.5;1.45;0.0;0.3;8.75;2.5;
2;2020-05-01 07:53:45;2020-05-01 07:58:28;2.0;1.85;1.0;N;170;141;4;-7.0;0.0;-0.5;0.0;0.0;-0.3;-10.3;-2.5;
2;2020-05-01 07:53:45;2020-05-01 07:58:28;2.0;1.85;1.0;N;170;141;2;7.0;0.0;0.5;0.0;0.0;0.3;10.3;2.5;
1;2020-05-01 07:53:47;2020-05-01 07:59:46;1.0;1.4;1.0;N;229;170;2;6.5;2.5;0.5;0.0;0.0;0.3;9.8;2.5;
1;2020-05-01 07:54:02;2020-05-01 08:10:16;1.0;5.9;1.0;N;40;68;1;19.5;2.5;0.5;5.78;6.12;0.3;34.7;2.5;
2;2020-05-01 07:54:11;2020-05-01 08:05:20;1.0;3.0;1.0;N;230;262;1;11.5;0.0;0.5;0.0;0.0;0.3;14.8;2.5;
1;2020-05-01 07:54:12;2020-05-01 08:04:21;1.0;2.9;1.0;N;263;230;1;10.5;2.5;0.5;4.1;0.0;0.3;17.9;2.5;
1;2020-05-01 07:54:18;2020-05-01 07:55:55;1.0;0.4;1.0;N;48;230;1;3.5;2.5;0.5;1.0;0.0;0.3;7.8;2.5;
1;2020-05-01 07:54:28;2020-05-01 08:11:18;1.0;0.0;1.0;N;228;231;1;27.2;0.0;0.5;0.0;0.0;0.3;28.0;0.0;
2;2020-05-01 07:54:35;2020-05-01 08:00:29;1.0;1.18;1.0;N;230;246;1;6.5;0.0;0.5;1.0;0.0;0.3;10.8;2.5;
1;2020-05-01 07:54:42;2020-05-01 08:05:24;1.0;2.7;1.0;N;224;140;2;10.5;2.5;0.5;0.0;0.0;0.3;13.8;2.5;
2;2020-05-01 07:54:43;2020-05-01 08:06:15;1.0;2.27;1.0;N;137;230;1;10.5;0.0;0.5;0.0;0.0;0.3;13.8;2.5;
1;2020-05-01 07:54:47;2020-05-01 08:01:03;1.0;1.8;1.0;N;238;75;1;7.5;2.5;0.5;2.16;0.0;0.3;12.96;2.5;
1;2020-05-01 07:54:55;2020-05-01 07:58:12;1.0;0.8;1.0;N;230;48;1;5.0;2.5;0.5;1.5;0.0;0.3;9.8;2.5;
2;2020-05-01 07:54:55;2020-05-01 07:58:57;1.0;0.38;1.0;N;236;263;1;3.5;0.0;0.5;2.0;0.0;0.3;8.8;2.5;
1;2020-05-01 07:54:55;2020-05-01 07:59:03;1.0;0.8;1.0;N;170;100;1;5.0;2.5;0.5;2.05;0.0;0.3;10.35;2.5;
1;2020-05-01 07:55:09;2020-05-01 08:02:34;1.0;4.0;1.0;N;75;233;1;12.5;2.5;0.5;3.15;0.0;0.3;18.95;2.5;
1;2020-05-01 07:55:13;2020-05-01 07:58:29;1.0;0.5;1.0;N;141;237;1;4.0;2.5;0.5;1.45;0.0;0.3;8.75;2.5;
2;2020-05-01 07:55:16;2020-05-01 08:07:36;1.0;2.02;1.0;N;100;137;1;10.0;0.0;0.5;0.01;0.0;0.3;13.31;2.5;
1;2020-05-01 07:55:18;2020-05-01 07:57:30;1.0;0.9;1.0;N;170;229;1;4.5;2.5;0.5;1.0;0.0;0.3;8.8;2.5;
2;2020-05-01 07:55:24;2020-05-01 08:08:19;1.0;3.67;1.0;N;229;151;1;13.0;0.0;0.5;3.26;0.0;0.3;19.56;2.5;
1;2020-05-01 07:55:33;2020-05-01 08:08:58;1.0;2.3;1.0;N;151;74;1;11.5;0.0;0.5;2.45;0.0;0.3;14.75;0.0;
2;2020-05-01 07:55:39;2020-05-01 08:02:16;1.0;0.88;1.0;N;74;74;2;6.0;0.0;0.5;0.0;0.0;0.3;6.8;0.0;
2;2020-05-01 07:55:40;2020-05-01 08:12:20;3.0;3.97;1.0;N;20;159;1;15.0;0.0;0.5;3.16;0.0;0.3;20.91;0.0;
2;2020-05-01 07:55:52;2020-05-01 08:04:52;1.0;2.64;1.0;N;48;238;1;10.0;0.0;0.5;0.0;0.0;0.3;13.3;2.5;
1;2020-05-01 07:55:54;2020-05-01 07:57:15;1.0;0.4;1.0;N;107;137;2;3.5;2.5;0.5;0.0;0.0;0.3;6.8;2.5;
1;2020-05-01 07:56:07;2020-05-01 07:57:43;1.0;0.6;1.0;N;141;141;1;4.0;2.5;0.5;2.15;0.0;0.3;9.45;2.5;
1;2020-05-01 07:56:17;2020-05-01 08:02:48;1.0;1.5;1.0;N;141;162;1;7.0;2.5;0.5;1.0;0.0;0.3;11.3;2.5;
2;2020-05-01 07:56:18;2020-05-01 08:02:54;1.0;1.05;1.0;N;164;137;1;6.5;0.0;0.5;1.96;0.0;0.3;11.76;2.5;
2;2020-05-01 07:56:36;2020-05-01 08:20:17;1.0;8.94;1.0;N;237;169;1;27.0;0.0;0.5;6.06;0.0;0.3;36.36;2.5;
1;2020-05-01 07:56:42;2020-05-01 08:02:12;1.0;1.3;1.0;N;263;237;1;6.5;2.5;0.5;1.0;0.0;0.3;10.8;2.5;
1;2020-05-01 07:56:58;2020-05-01 08:17:41;1.0;0.0;1.0;N;195;107;1;27.2;0.0;0.5;0.0;0.0;0.3;28.0;0.0;
2;2020-05-01 07:57:01;2020-05-01 08:06:25;1.0;1.93;1.0;N;68;162;1;9.0;0.0;0.5;1.23;0.0;0.3;15.48;2.5;
1;2020-05-01 07:57:04;2020-05-01 07:57:27;1.0;0.0;1.0;N;62;62;1;25.2;0.0;0.5;0.0;0.0;0.3;26.0;0.0;
1;2020-05-01 07:57:22;2020-05-01 08:05:03;1.0;1.0;1.0;N;234;137;2;7.0;2.5;0.5;0.0;0.0;0.3;10.3;2.5;
1;2020-05-01 07:57:29;2020-05-01 08:07:17;1.0;3.0;1.0;N;238;74;2;10.5;0.0;0.5;0.0;0.0;0.3;11.3;0.0;
1;2020-05-01 07:57:30;2020-05-01 08:14:34;1.0;4.9;1.0;N;41;243;1;18.0;0.0;0.5;2.0;0.0;0.3;20.8;0.0;
2;2020-05-01 07:57:31;2020-05-01 08:08:01;1.0;1.44;1.0;N;137;100;2;8.5;0.0;0.5;0.0;0.0;0.3;11.8;2.5;
2;2020-05-01 07:57:34;2020-05-01 08:01:23;6.0;0.83;1.0;N;100;230;1;5.0;0.0;0.5;1.66;0.0;0.3;9.96;2.5;
1;2020-05-01 07:57:38;2020-05-01 08:07:36;1.0;5.0;1.0;N;151;244;1;16.0;0.0;0.5;1.0;0.0;0.3;17.8;0.0;
2;2020-05-01 07:58:24;2020-05-01 08:01:36;1.0;1.15;1.0;N;137;233;2;5.0;0.0;0.5;0.0;0.0;0.3;8.3;2.5;
1;2020-05-01 07:58:51;2020-05-01 08:06:54;1.0;1.7;1.0;N;238;75;1;8.0;2.5;0.5;2.25;0.0;0.3;13.55;2.5;
2;2020-05-01 07:58:53;2020-05-01 08:03:58;1.0;1.43;1.0;N;236;140;1;6.5;0.0;0.5;1.0;0.0;0.3;10.8;2.5;
1;2020-05-01 07:58:55;2020-05-01 08:15:28;1.0;0.0;1.0;N;92;83;1;25.2;0.0;0.5;0.0;0.0;0.3;26.0;0.0;
1;2020-05-01 07:58:59;2020-05-01 07:59:12;1.0;0.0;1.0;N;237;237;2;2.5;2.5;0.5;0.0;0.0;0.3;5.8;2.5;
2;2020-05-01 07:59:01;2020-05-01 08:03:04;1.0;1.02;1.0;N;263;237;1;5.5;0.0;0.5;0.0;0.0;0.3;8.8;2.5;
2;2020-05-01 07:59:09;2020-05-01 08:01:52;1.0;0.67;1.0;N;262;75;2;4.5;0.0;0.5;0.0;0.0;0.3;7.8;2.5;
1;2020-05-01 07:59:10;2020-05-01 08:12:03;1.0;2.5;1.0;N;238;140;2;11.0;2.5;0.5;0.0;0.0;0.3;14.3;2.5;
2;2020-05-01 07:59:10;2020-05-01 08:13:10;1.0;5.6;1.0;N;88;164;1;18.0;0.0;0.5;5.32;0.0;0.3;26.62;2.5;
1;2020-05-01 07:59:14;2020-05-01 08:05:39;1.0;2.5;1.0;N;170;236;1;8.5;2.5;0.5;2.35;0.0;0.3;14.15;2.5;
2;2020-05-01 07:59:16;2020-05-01 08:08:20;1.0;2.82;1.0;N;141;107;1;10.0;0.0;0.5;2.66;0.0;0.3;15.96;2.5;
2;2020-05-01 07:59:17;2020-05-01 08:03:14;1.0;1.03;1.0;N;79;137;1;5.5;0.0;0.5;2.2;0.0;0.3;11.0;2.5;
2;2020-05-01 07:59:33;2020-05-01 08:10:08;1.0;0.0;99.0;N;193;146;1;18.93;0.8;0.5;0.0;0.0;0.0;20.23;0.0;
2;2020-05-01 07:59:40;2020-05-01 08:07:49;1.0;1.68;1.0;N;233;50;1;8.0;0.0;0.5;3.39;0.0;0.3;14.69;2.5;
2;2020-05-01 07:59:43;2020-05-01 08:02:19;1.0;0.67;1.0;N;233;170;2;4.5;0.0;0.5;0.0;0.0;0.3;7.8;2.5;
1;2020-05-01 07:59:47;2020-05-01 08:09:35;1.0;0.9;1.0;N;263;263;2;8.0;2.5;0.5;0.0;0.0;0.3;11.3;2.5;
1;2020-05-01 07:59:54;2020-05-01 08:12:58;1.0;2.2;1.0;N;141;143;1;11.0;2.5;0.5;1.0;0.0;0.3;15.3;2.5;
2;2020-05-01 07:59:55;2020-05-01 08:13:49;1.0;7.77;1.0;N;142;243;2;22.5;0.0;0.5;0.0;0.0;0.3;25.8;2.5;
1;2020-05-01 07:59:57;2020-05-01 08:06:09;0.0;1.1;1.0;N;143;239;1;6.5;2.5;0.5;1.96;0.0;0.3;11.76;2.5;
1;2020-05-01 08:00:07;2020-05-01 08:10:03;2.0;3.9;1.0;N;48;166;1;12.5;2.5;0.5;1.0;0.0;0.3;16.8;2.5;
